node,value
0,40.000000
1,45.000000
2,3.000000
3,215.000000
4,15.000000
5,63.000000
6,0.000000
7,210.000000
8,0.000000
9,8.000000
10,232.000000
11,22.000000
12,0.000000
13,1.000000
14,26.000000
15,18.000000
16,0.000000
17,12.000000
18,7.000000
19,33.000000
20,2.000000
21,6.000000
22,3.000000
23,763.000000
24,35.000000
25,13.000000
26,2.000000
27,25.000000
28,11.000000
29,12.000000
30,1.000000
31,2.000000
32,30.000000
33,1.000000
34,2.000000
35,7.000000
36,100.000000
37,1.000000
38,59.000000
39,5.000000
40,1.000000
41,7.000000
42,1.000000
43,7.000000
44,6.000000
45,1.000000
46,11.000000
47,1.000000
48,7.000000
49,5.000000
50,78.000000
51,3.000000
52,21.000000
53,8.000000
54,63.000000
55,1.000000
56,17.000000
57,6.000000
58,14.000000
59,1.000000
60,56.000000
61,1.000000
62,2.000000
63,2.000000
64,1.000000
65,6.000000
66,42.000000
67,4.000000
68,1.000000
69,7.000000
70,5.000000
71,12.000000
72,0.000000
73,1.000000
74,1.000000
75,2.000000
76,4.000000
77,5.000000
78,12.000000
79,5.000000
80,26.000000
81,32.000000
82,6.000000
83,3.000000
84,2.000000
85,2.000000
86,2.000000
87,1.000000
88,0.000000
89,32.000000
90,2.000000
91,42.000000
92,8.000000
93,92.000000
94,11.000000
95,2.000000
96,2.000000
97,1.000000
98,21.000000
99,4.000000
100,11.000000
101,22.000000
102,43.000000
103,1.000000
104,15.000000
105,2.000000
106,5.000000
107,12.000000
108,36.000000
109,5.000000
110,3.000000
111,4.000000
112,1.000000
113,3.000000
114,7.000000
115,2.000000
116,1.000000
117,7.000000
118,3.000000
119,2.000000
120,9.000000
121,1.000000
122,13.000000
123,10.000000
124,1.000000
125,1.000000
126,1.000000
127,53.000000
128,1.000000
129,3.000000
130,4.000000
131,1.000000
132,4.000000
133,10.000000
134,37.000000
135,2.000000
136,9.000000
137,5.000000
138,24.000000
139,1.000000
140,3.000000
141,23.000000
142,2.000000
143,11.000000
144,1.000000
145,32.000000
146,2.000000
147,2.000000
148,1.000000
149,2.000000
150,18.000000
151,2.000000
152,3.000000
153,1.000000
154,1.000000
155,45.000000
156,6.000000
157,8.000000
158,2.000000
159,127.000000
160,10.000000
161,24.000000
162,0.000000
163,15.000000
164,6.000000
165,27.000000
166,1.000000
167,5.000000
168,1.000000
169,6.000000
170,1.000000
171,12.000000
172,54.000000
173,9.000000
174,3.000000
175,1.000000
176,18.000000
177,0.000000
178,0.000000
179,8.000000
180,6.000000
181,6.000000
182,14.000000
183,5.000000
184,4.000000
185,1.000000
186,1.000000
187,2.000000
188,2.000000
189,9.000000
190,12.000000
191,3.000000
192,1.000000
193,8.000000
194,11.000000
195,3.000000
196,7.000000
197,14.000000
198,4.000000
199,5.000000
200,4.000000
201,3.000000
202,1.000000
203,3.000000
204,2.000000
205,8.000000
206,20.000000
207,12.000000
208,1.000000
209,1.000000
210,2.000000
211,32.000000
212,93.000000
213,2.000000
214,3.000000
215,0.000000
216,7.000000
217,6.000000
218,2.000000
219,0.000000
220,3.000000
221,18.000000
222,1.000000
223,5.000000
224,3.000000
225,8.000000
226,4.000000
227,2.000000
228,9.000000
229,27.000000
230,17.000000
231,1.000000
232,5.000000
233,47.000000
234,1.000000
235,1.000000
236,3.000000
237,59.000000
238,0.000000
239,5.000000
240,13.000000
241,10.000000
242,6.000000
243,2.000000
244,1.000000
245,7.000000
246,1.000000
247,1.000000
248,1.000000
249,4.000000
250,1.000000
251,24.000000
252,1.000000
253,2.000000
254,8.000000
255,2.000000
256,4.000000
257,0.000000
258,1.000000
259,104.000000
260,5.000000
261,1.000000
262,1.000000
263,1.000000
264,11.000000
265,45.000000
266,4.000000
267,1.000000
268,12.000000
269,2.000000
270,3.000000
271,0.000000
272,2.000000
273,4.000000
274,6.000000
275,8.000000
276,5.000000
277,11.000000
278,1.000000
279,5.000000
280,12.000000
281,1.000000
282,5.000000
283,1.000000
284,1.000000
285,1.000000
286,0.000000
287,0.000000
288,4.000000
289,25.000000
290,1.000000
291,4.000000
292,1.000000
293,5.000000
294,0.000000
295,27.000000
296,2.000000
297,86.000000
298,1.000000
299,1.000000
300,4.000000
301,3.000000
302,11.000000
303,3.000000
304,1.000000
305,7.000000
306,1.000000
307,1.000000
308,2.000000
309,1.000000
310,2.000000
311,6.000000
312,35.000000
313,2.000000
314,2.000000
315,10.000000
316,8.000000
317,1.000000
318,3.000000
319,1.000000
320,16.000000
321,12.000000
322,1.000000
323,10.000000
324,3.000000
325,17.000000
326,1.000000
327,2.000000
328,10.000000
329,1.000000
330,2.000000
331,7.000000
332,2.000000
333,12.000000
334,17.000000
335,23.000000
336,11.000000
337,5.000000
338,16.000000
339,1.000000
340,8.000000
341,8.000000
342,1.000000
343,6.000000
344,19.000000
345,3.000000
346,0.000000
347,11.000000
348,3.000000
349,4.000000
350,3.000000
351,8.000000
352,1.000000
353,18.000000
354,13.000000
355,3.000000
356,6.000000
357,6.000000
358,1.000000
359,0.000000
360,16.000000
361,2.000000
362,1.000000
363,3.000000
364,11.000000
365,1.000000
366,3.000000
367,5.000000
368,1.000000
369,2.000000
370,13.000000
371,1.000000
372,2.000000
373,6.000000
374,8.000000
375,1.000000
376,16.000000
377,2.000000
378,2.000000
379,1.000000
380,20.000000
381,2.000000
382,3.000000
383,2.000000
384,1.000000
385,1.000000
386,2.000000
387,21.000000
388,3.000000
389,3.000000
390,8.000000
391,1.000000
392,2.000000
393,16.000000
394,2.000000
395,4.000000
396,5.000000
397,5.000000
398,11.000000
399,2.000000
400,3.000000
401,62.000000
402,4.000000
403,15.000000
404,13.000000
405,2.000000
406,1.000000
407,4.000000
408,1.000000
409,0.000000
410,31.000000
411,8.000000
412,9.000000
413,16.000000
414,0.000000
415,2.000000
416,2.000000
417,3.000000
418,6.000000
419,0.000000
420,0.000000
421,0.000000
422,16.000000
423,1.000000
424,36.000000
425,1.000000
426,0.000000
427,26.000000
428,1.000000
429,4.000000
430,0.000000
431,9.000000
432,10.000000
433,3.000000
434,50.000000
435,18.000000
436,9.000000
437,3.000000
438,13.000000
439,4.000000
440,3.000000
441,6.000000
442,7.000000
443,4.000000
444,10.000000
445,19.000000
446,2.000000
447,0.000000
448,1.000000
449,4.000000
450,3.000000
451,4.000000
452,1.000000
453,4.000000
454,4.000000
455,2.000000
456,1.000000
457,3.000000
458,2.000000
459,5.000000
460,2.000000
461,5.000000
462,3.000000
463,0.000000
464,5.000000
465,0.000000
466,1.000000
467,19.000000
468,0.000000
469,10.000000
470,0.000000
471,34.000000
472,45.000000
473,1.000000
474,0.000000
475,0.000000
476,2.000000
477,80.000000
478,4.000000
479,2.000000
480,1.000000
481,10.000000
482,1.000000
483,4.000000
484,15.000000
485,8.000000
486,16.000000
487,4.000000
488,56.000000
489,8.000000
490,19.000000
491,47.000000
492,1.000000
493,7.000000
494,3.000000
495,0.000000
496,1.000000
497,2.000000
498,23.000000
499,167.000000
500,17.000000
501,3.000000
502,2.000000
503,0.000000
504,51.000000
505,1.000000
506,1.000000
507,8.000000
508,2.000000
509,1.000000
510,3.000000
511,2.000000
512,3.000000
513,2.000000
514,8.000000
515,2.000000
516,9.000000
517,5.000000
518,1.000000
519,8.000000
520,0.000000
521,3.000000
522,3.000000
523,19.000000
524,5.000000
525,2.000000
526,5.000000
527,1.000000
528,1.000000
529,7.000000
530,9.000000
531,1.000000
532,1.000000
533,2.000000
534,1.000000
535,3.000000
536,1.000000
537,10.000000
538,4.000000
539,5.000000
540,2.000000
541,1.000000
542,56.000000
543,13.000000
544,0.000000
545,2.000000
546,1.000000
547,1.000000
548,2.000000
549,2.000000
550,8.000000
551,1.000000
552,1.000000
553,1.000000
554,1.000000
555,1.000000
556,1.000000
557,4.000000
558,4.000000
559,16.000000
560,1.000000
561,8.000000
562,1.000000
563,6.000000
564,1.000000
565,1.000000
566,1.000000
567,2.000000
568,1.000000
569,4.000000
570,1.000000
571,2.000000
572,3.000000
573,9.000000
574,1.000000
575,3.000000
576,7.000000
577,4.000000
578,1.000000
579,21.000000
580,9.000000
581,14.000000
582,2.000000
583,28.000000
584,1.000000
585,4.000000
586,21.000000
587,7.000000
588,34.000000
589,31.000000
590,1.000000
591,2.000000
592,2.000000
593,2.000000
594,0.000000
595,8.000000
596,2.000000
597,13.000000
598,27.000000
599,1.000000
600,2.000000
601,10.000000
602,9.000000
603,3.000000
604,4.000000
605,14.000000
606,3.000000
607,3.000000
608,6.000000
609,2.000000
610,4.000000
611,1.000000
612,2.000000
613,40.000000
614,1.000000
615,2.000000
616,2.000000
617,4.000000
618,8.000000
619,1.000000
620,2.000000
621,1.000000
622,1.000000
623,2.000000
624,1.000000
625,2.000000
626,2.000000
627,8.000000
628,1.000000
629,8.000000
630,3.000000
631,0.000000
632,0.000000
633,1.000000
634,3.000000
635,2.000000
636,46.000000
637,6.000000
638,6.000000
639,1.000000
640,7.000000
641,0.000000
642,1.000000
643,0.000000
644,1.000000
645,2.000000
646,1.000000
647,1.000000
648,1.000000
649,4.000000
650,2.000000
651,13.000000
652,6.000000
653,2.000000
654,2.000000
655,6.000000
656,15.000000
657,1.000000
658,3.000000
659,6.000000
660,1.000000
661,3.000000
662,28.000000
663,1.000000
664,1.000000
665,17.000000
666,1.000000
667,4.000000
668,1.000000
669,2.000000
670,1.000000
671,7.000000
672,1.000000
673,3.000000
674,25.000000
675,6.000000
676,2.000000
677,7.000000
678,2.000000
679,0.000000
680,54.000000
681,2.000000
682,1.000000
683,36.000000
684,8.000000
685,3.000000
686,7.000000
687,1.000000
688,1.000000
689,1.000000
690,4.000000
691,4.000000
692,1.000000
693,1.000000
694,2.000000
695,16.000000
696,3.000000
697,3.000000
698,1.000000
699,1.000000
700,1.000000
701,2.000000
702,1.000000
703,0.000000
704,2.000000
705,6.000000
706,1.000000
707,4.000000
708,1.000000
709,7.000000
710,0.000000
711,10.000000
712,1.000000
713,1.000000
714,1.000000
715,1.000000
716,1.000000
717,2.000000
718,1.000000
719,1.000000
720,12.000000
721,6.000000
722,4.000000
723,23.000000
724,1.000000
725,2.000000
726,1.000000
727,58.000000
728,3.000000
729,10.000000
730,7.000000
731,2.000000
732,12.000000
733,12.000000
734,9.000000
735,2.000000
736,1.000000
737,4.000000
738,1.000000
739,9.000000
740,3.000000
741,4.000000
742,1.000000
743,2.000000
744,5.000000
745,3.000000
746,3.000000
747,3.000000
748,5.000000
749,1.000000
750,1.000000
751,3.000000
752,4.000000
753,1.000000
754,10.000000
755,7.000000
756,1.000000
757,10.000000
758,2.000000
759,0.000000
760,1.000000
761,3.000000
762,1.000000
763,1.000000
764,3.000000
765,4.000000
766,1.000000
767,1.000000
768,2.000000
769,1.000000
770,2.000000
771,3.000000
772,1.000000
773,5.000000
774,1.000000
775,20.000000
776,1.000000
777,8.000000
778,2.000000
779,6.000000
780,2.000000
781,0.000000
782,3.000000
783,0.000000
784,2.000000
785,0.000000
786,4.000000
787,1.000000
788,2.000000
789,9.000000
790,2.000000
791,0.000000
792,77.000000
793,4.000000
794,4.000000
795,1.000000
796,2.000000
797,2.000000
798,7.000000
799,5.000000
800,1.000000
801,2.000000
802,1.000000
803,5.000000
804,1.000000
805,8.000000
806,1.000000
807,1.000000
808,14.000000
809,2.000000
810,0.000000
811,1.000000
812,1.000000
813,4.000000
814,10.000000
815,2.000000
816,3.000000
817,0.000000
818,1.000000
819,4.000000
820,2.000000
821,1.000000
822,1.000000
823,9.000000
824,1.000000
825,3.000000
826,2.000000
827,2.000000
828,5.000000
829,2.000000
830,2.000000
831,1.000000
832,2.000000
833,2.000000
834,1.000000
835,56.000000
836,1.000000
837,2.000000
838,1.000000
839,1.000000
840,0.000000
841,2.000000
842,7.000000
843,1.000000
844,0.000000
845,12.000000
846,0.000000
847,0.000000
848,2.000000
849,2.000000
850,4.000000
851,12.000000
852,1.000000
853,2.000000
854,6.000000
855,8.000000
856,7.000000
857,7.000000
858,44.000000
859,2.000000
860,4.000000
861,3.000000
862,4.000000
863,1.000000
864,1.000000
865,3.000000
866,1.000000
867,10.000000
868,1.000000
869,1.000000
870,9.000000
871,12.000000
872,8.000000
873,1.000000
874,21.000000
875,3.000000
876,3.000000
877,5.000000
878,9.000000
879,1.000000
880,5.000000
881,1.000000
882,2.000000
883,0.000000
884,56.000000
885,6.000000
886,1.000000
887,31.000000
888,2.000000
889,2.000000
890,1.000000
891,7.000000
892,1.000000
893,2.000000
894,1.000000
895,2.000000
896,3.000000
897,4.000000
898,0.000000
899,4.000000
900,1.000000
901,1.000000
902,2.000000
903,2.000000
904,1.000000
905,1.000000
906,2.000000
907,2.000000
908,2.000000
909,4.000000
910,6.000000
911,1.000000
912,1.000000
913,10.000000
914,2.000000
915,6.000000
916,0.000000
917,1.000000
918,1.000000
919,1.000000
920,0.000000
921,7.000000
922,2.000000
923,1.000000
924,4.000000
925,1.000000
926,2.000000
927,8.000000
928,14.000000
929,1.000000
930,1.000000
931,2.000000
932,5.000000
933,1.000000
934,5.000000
935,1.000000
936,2.000000
937,2.000000
938,13.000000
939,1.000000
940,1.000000
941,0.000000
942,1.000000
943,3.000000
944,2.000000
945,264.000000
946,1.000000
947,2.000000
948,1.000000
949,1.000000
950,10.000000
951,1.000000
952,1.000000
953,1.000000
954,0.000000
955,2.000000
956,1.000000
957,7.000000
958,3.000000
959,4.000000
960,3.000000
961,1.000000
962,9.000000
963,1.000000
964,1.000000
965,1.000000
966,1.000000
967,203.000000
968,6.000000
969,4.000000
970,3.000000
971,2.000000
972,1.000000
973,2.000000
974,2.000000
975,9.000000
976,1.000000
977,11.000000
978,1.000000
979,2.000000
980,1.000000
981,1.000000
982,1.000000
983,11.000000
984,0.000000
985,3.000000
986,4.000000
987,0.000000
988,1.000000
989,11.000000
990,5.000000
991,0.000000
992,2.000000
993,10.000000
994,13.000000
995,2.000000
996,3.000000
997,1.000000
998,4.000000
999,1.000000
1000,3.000000
1001,2.000000
1002,54.000000
1003,47.000000
1004,2.000000
1005,1.000000
1006,2.000000
1007,2.000000
1008,3.000000
1009,16.000000
1010,1.000000
1011,1.000000
1012,2.000000
1013,1.000000
1014,5.000000
1015,3.000000
1016,4.000000
1017,4.000000
1018,4.000000
1019,1.000000
1020,2.000000
1021,1.000000
1022,1.000000
1023,1.000000
1024,5.000000
1025,4.000000
1026,1.000000
1027,0.000000
1028,1.000000
1029,11.000000
1030,1.000000
1031,1.000000
1032,1.000000
1033,1.000000
1034,1.000000
1035,3.000000
1036,1.000000
1037,1.000000
1038,1.000000
1039,1.000000
1040,1.000000
1041,1.000000
1042,4.000000
1043,0.000000
1044,22.000000
1045,1.000000
1046,31.000000
1047,8.000000
1048,3.000000
1049,1.000000
1050,12.000000
1051,11.000000
1052,1.000000
1053,2.000000
1054,1.000000
1055,1.000000
1056,1.000000
1057,6.000000
1058,3.000000
1059,2.000000
1060,7.000000
1061,1.000000
1062,1.000000
1063,1.000000
1064,2.000000
1065,1.000000
1066,3.000000
1067,5.000000
1068,2.000000
1069,0.000000
1070,1.000000
1071,1.000000
1072,5.000000
1073,1.000000
1074,2.000000
1075,1.000000
1076,0.000000
1077,1.000000
1078,1.000000
1079,1.000000
1080,3.000000
1081,7.000000
1082,3.000000
1083,4.000000
1084,2.000000
1085,4.000000
1086,3.000000
1087,0.000000
1088,0.000000
1089,0.000000
1090,5.000000
1091,0.000000
1092,0.000000
1093,0.000000
1094,4.000000
1095,0.000000
1096,2.000000
1097,1.000000
1098,3.000000
1099,1.000000
1100,0.000000
1101,1.000000
1102,1.000000
1103,0.000000
1104,1.000000
1105,2.000000
1106,1.000000
1107,2.000000
1108,2.000000
1109,0.000000
1110,1.000000
1111,1.000000
1112,1.000000
1113,5.000000
1114,1.000000
1115,1.000000
1116,70.000000
1117,1.000000
1118,2.000000
1119,3.000000
1120,4.000000
1121,1.000000
1122,3.000000
1123,1.000000
1124,1.000000
1125,0.000000
1126,0.000000
1127,3.000000
1128,1.000000
1129,4.000000
1130,1.000000
1131,0.000000
1132,3.000000
1133,2.000000
1134,2.000000
1135,1.000000
1136,1.000000
1137,0.000000
1138,31.000000
1139,2.000000
1140,2.000000
1141,1.000000
1142,1.000000
1143,2.000000
1144,3.000000
1145,4.000000
1146,2.000000
1147,1.000000
1148,1.000000
1149,2.000000
1150,1.000000
1151,2.000000
1152,2.000000
1153,5.000000
1154,69.000000
1155,2.000000
1156,15.000000
1157,2.000000
1158,1.000000
1159,12.000000
1160,1.000000
1161,2.000000
1162,1.000000
1163,0.000000
1164,1.000000
1165,1.000000
1166,2.000000
1167,1.000000
1168,1.000000
1169,79.000000
1170,1.000000
1171,3.000000
1172,2.000000
1173,1.000000
1174,12.000000
1175,2.000000
1176,1.000000
1177,2.000000
1178,5.000000
1179,4.000000
1180,1.000000
1181,10.000000
1182,2.000000
1183,2.000000
1184,3.000000
1185,1.000000
1186,1.000000
1187,1.000000
1188,1.000000
1189,3.000000
1190,0.000000
1191,9.000000
1192,1.000000
1193,2.000000
1194,3.000000
1195,5.000000
1196,5.000000
1197,36.000000
1198,0.000000
1199,2.000000
1200,1.000000
1201,2.000000
1202,1.000000
1203,13.000000
1204,2.000000
1205,2.000000
1206,2.000000
1207,1.000000
1208,1.000000
1209,1.000000
1210,14.000000
1211,4.000000
1212,1.000000
1213,3.000000
1214,1.000000
1215,3.000000
1216,3.000000
1217,2.000000
1218,1.000000
1219,2.000000
1220,3.000000
1221,3.000000
1222,21.000000
1223,11.000000
1224,1.000000
1225,4.000000
1226,1.000000
1227,13.000000
1228,5.000000
1229,1.000000
1230,8.000000
1231,1.000000
1232,1.000000
1233,1.000000
1234,56.000000
1235,2.000000
1236,1.000000
1237,1.000000
1238,0.000000
1239,1.000000
1240,0.000000
1241,2.000000
1242,2.000000
1243,11.000000
1244,11.000000
1245,2.000000
1246,20.000000
1247,5.000000
1248,2.000000
1249,0.000000
1250,6.000000
1251,1.000000
1252,0.000000
1253,1.000000
1254,3.000000
1255,2.000000
1256,4.000000
1257,9.000000
1258,1.000000
1259,1.000000
1260,1.000000
1261,2.000000
1262,0.000000
1263,1.000000
1264,4.000000
1265,1.000000
1266,12.000000
1267,5.000000
1268,1.000000
1269,1.000000
1270,0.000000
1271,6.000000
1272,49.000000
1273,115.000000
1274,32.000000
1275,5.000000
1276,3.000000
1277,1.000000
1278,8.000000
1279,1.000000
1280,2.000000
1281,5.000000
1282,1.000000
1283,5.000000
1284,1.000000
1285,0.000000
1286,1.000000
1287,2.000000
1288,7.000000
1289,1.000000
1290,2.000000
1291,0.000000
1292,1.000000
1293,2.000000
1294,164.000000
1295,3.000000
1296,7.000000
1297,1.000000
1298,2.000000
1299,1.000000
1300,2.000000
1301,4.000000
1302,2.000000
1303,1.000000
1304,35.000000
1305,3.000000
1306,1.000000
1307,1.000000
1308,154.000000
1309,12.000000
1310,6.000000
1311,1.000000
1312,2.000000
1313,4.000000
1314,3.000000
1315,2.000000
1316,1.000000
1317,0.000000
1318,3.000000
1319,59.000000
1320,1.000000
1321,1.000000
1322,40.000000
1323,0.000000
1324,17.000000
1325,3.000000
1326,4.000000
1327,2.000000
1328,1.000000
1329,1.000000
1330,1.000000
1331,13.000000
1332,1.000000
1333,5.000000
1334,1.000000
1335,1.000000
1336,1.000000
1337,66.000000
1338,6.000000
1339,2.000000
1340,0.000000
1341,1.000000
1342,1.000000
1343,2.000000
1344,0.000000
1345,1.000000
1346,12.000000
1347,0.000000
1348,1.000000
1349,1.000000
1350,162.000000
1351,3.000000
1352,15.000000
1353,4.000000
1354,4.000000
1355,21.000000
1356,5.000000
1357,3.000000
1358,1.000000
1359,4.000000
1360,1.000000
1361,1.000000
1362,1.000000
1363,2.000000
1364,2.000000
1365,21.000000
1366,5.000000
1367,0.000000
1368,2.000000
1369,12.000000
1370,1.000000
1371,4.000000
1372,1.000000
1373,1.000000
1374,2.000000
1375,2.000000
1376,4.000000
1377,1.000000
1378,1.000000
1379,1.000000
1380,3.000000
1381,1.000000
1382,0.000000
1383,1.000000
1384,1.000000
1385,1.000000
1386,2.000000
1387,1.000000
1388,1.000000
1389,1.000000
1390,3.000000
1391,4.000000
1392,0.000000
1393,2.000000
1394,3.000000
1395,4.000000
1396,1.000000
1397,2.000000
1398,0.000000
1399,2.000000
1400,1.000000
1401,4.000000
1402,172.000000
1403,1.000000
1404,1.000000
1405,0.000000
1406,7.000000
1407,1.000000
1408,7.000000
1409,1.000000
1410,1.000000
1411,4.000000
1412,2.000000
1413,4.000000
1414,0.000000
1415,0.000000
1416,2.000000
1417,3.000000
1418,4.000000
1419,5.000000
1420,1.000000
1421,1.000000
1422,2.000000
1423,1.000000
1424,7.000000
1425,1.000000
1426,22.000000
1427,1.000000
1428,0.000000
1429,1.000000
1430,8.000000
1431,4.000000
1432,23.000000
1433,2.000000
1434,3.000000
1435,1.000000
1436,5.000000
1437,1.000000
1438,1.000000
1439,5.000000
1440,1.000000
1441,0.000000
1442,12.000000
1443,1.000000
1444,1.000000
1445,1.000000
1446,10.000000
1447,3.000000
1448,1.000000
1449,2.000000
1450,0.000000
1451,0.000000
1452,2.000000
1453,32.000000
1454,0.000000
1455,32.000000
1456,0.000000
1457,0.000000
1458,36.000000
1459,2.000000
1460,3.000000
1461,26.000000
1462,0.000000
1463,2.000000
1464,2.000000
1465,0.000000
1466,2.000000
1467,1.000000
1468,30.000000
1469,4.000000
1470,8.000000
1471,0.000000
1472,2.000000
1473,6.000000
1474,5.000000
1475,2.000000
1476,0.000000
1477,2.000000
1478,8.000000
1479,7.000000
1480,1.000000
1481,6.000000
1482,27.000000
1483,38.000000
1484,1.000000
1485,2.000000
1486,0.000000
1487,2.000000
1488,0.000000
1489,2.000000
1490,1.000000
1491,1.000000
1492,1.000000
1493,16.000000
1494,0.000000
1495,9.000000
1496,2.000000
1497,45.000000
1498,5.000000
1499,0.000000
1500,5.000000
1501,1.000000
1502,18.000000
1503,1.000000
1504,4.000000
1505,1.000000
1506,1.000000
1507,1.000000
1508,0.000000
1509,67.000000
1510,14.000000
1511,16.000000
1512,0.000000
1513,1.000000
1514,1.000000
1515,0.000000
1516,30.000000
1517,1.000000
1518,19.000000
1519,1.000000
1520,2.000000
1521,1.000000
1522,1.000000
1523,1.000000
1524,1.000000
1525,2.000000
1526,94.000000
1527,0.000000
1528,0.000000
1529,2.000000
1530,1.000000
1531,3.000000
1532,1.000000
1533,1.000000
1534,3.000000
1535,28.000000
1536,10.000000
1537,83.000000
1538,2.000000
1539,0.000000
1540,1.000000
1541,0.000000
1542,1.000000
1543,5.000000
1544,0.000000
1545,7.000000
1546,1.000000
1547,1.000000
1548,0.000000
1549,0.000000
1550,1.000000
1551,4.000000
1552,1.000000
1553,1.000000
1554,1.000000
1555,1.000000
1556,5.000000
1557,2.000000
1558,2.000000
1559,2.000000
1560,8.000000
1561,1.000000
1562,2.000000
1563,1.000000
1564,86.000000
1565,4.000000
1566,1.000000
1567,2.000000
1568,15.000000
1569,6.000000
1570,2.000000
1571,37.000000
1572,2.000000
1573,1.000000
1574,2.000000
1575,3.000000
1576,1.000000
1577,1.000000
1578,3.000000
1579,1.000000
1580,6.000000
1581,55.000000
1582,1.000000
1583,1.000000
1584,1.000000
1585,3.000000
1586,2.000000
1587,8.000000
1588,2.000000
1589,26.000000
1590,1.000000
1591,1.000000
1592,1.000000
1593,0.000000
1594,125.000000
1595,3.000000
1596,3.000000
1597,0.000000
1598,3.000000
1599,6.000000
1600,3.000000
1601,10.000000
1602,4.000000
1603,5.000000
1604,0.000000
1605,0.000000
1606,1.000000
1607,43.000000
1608,2.000000
1609,0.000000
1610,1.000000
1611,4.000000
1612,3.000000
1613,3.000000
1614,2.000000
1615,2.000000
1616,31.000000
1617,1.000000
1618,4.000000
1619,6.000000
1620,0.000000
1621,2.000000
1622,2.000000
1623,9.000000
1624,53.000000
1625,4.000000
1626,25.000000
1627,1.000000
1628,1.000000
1629,1.000000
1630,1.000000
1631,1.000000
1632,1.000000
1633,1.000000
1634,5.000000
1635,10.000000
1636,1.000000
1637,2.000000
1638,20.000000
1639,23.000000
1640,1.000000
1641,3.000000
1642,3.000000
1643,58.000000
1644,0.000000
1645,1.000000
1646,3.000000
1647,1.000000
1648,1.000000
1649,4.000000
1650,11.000000
1651,4.000000
1652,1.000000
1653,1.000000
1654,0.000000
1655,1.000000
1656,1.000000
1657,0.000000
1658,1.000000
1659,0.000000
1660,3.000000
1661,10.000000
1662,38.000000
1663,5.000000
1664,0.000000
1665,1.000000
1666,1.000000
1667,1.000000
1668,1.000000
1669,1.000000
1670,8.000000
1671,1.000000
1672,5.000000
1673,1.000000
1674,1.000000
1675,1.000000
1676,5.000000
1677,0.000000
1678,34.000000
1679,10.000000
1680,0.000000
1681,2.000000
1682,0.000000
1683,2.000000
1684,90.000000
1685,2.000000
1686,1.000000
1687,3.000000
1688,9.000000
1689,1.000000
1690,1.000000
1691,1.000000
1692,22.000000
1693,0.000000
1694,3.000000
1695,7.000000
1696,24.000000
1697,16.000000
1698,69.000000
1699,3.000000
1700,13.000000
1701,2.000000
1702,1.000000
1703,0.000000
1704,1.000000
1705,1.000000
1706,1.000000
1707,3.000000
1708,2.000000
1709,4.000000
1710,16.000000
1711,1.000000
1712,2.000000
1713,1.000000
1714,1.000000
1715,74.000000
1716,7.000000
1717,0.000000
1718,6.000000
1719,1.000000
1720,2.000000
1721,1.000000
1722,7.000000
1723,1.000000
1724,2.000000
1725,2.000000
1726,38.000000
1727,8.000000
1728,2.000000
1729,3.000000
1730,3.000000
1731,2.000000
1732,1.000000
1733,2.000000
1734,19.000000
1735,3.000000
1736,4.000000
1737,0.000000
1738,2.000000
1739,1.000000
1740,3.000000
1741,2.000000
1742,4.000000
1743,6.000000
1744,1.000000
1745,59.000000
1746,7.000000
1747,1.000000
1748,3.000000
1749,0.000000
1750,1.000000
1751,8.000000
1752,1.000000
1753,2.000000
1754,8.000000
1755,8.000000
1756,11.000000
1757,1.000000
1758,1.000000
1759,3.000000
1760,1.000000
1761,4.000000
1762,1.000000
1763,21.000000
1764,1.000000
1765,1.000000
1766,4.000000
1767,4.000000
1768,2.000000
1769,1.000000
1770,1.000000
1771,2.000000
1772,0.000000
1773,1.000000
1774,9.000000
1775,1.000000
1776,0.000000
1777,1.000000
1778,84.000000
1779,3.000000
1780,3.000000
1781,1.000000
1782,0.000000
1783,1.000000
1784,4.000000
1785,404.000000
1786,3.000000
1787,25.000000
1788,1.000000
1789,3.000000
1790,12.000000
1791,5.000000
1792,2.000000
1793,23.000000
1794,1.000000
1795,7.000000
1796,31.000000
1797,2.000000
1798,6.000000
1799,16.000000
1800,2.000000
1801,1.000000
1802,2.000000
1803,0.000000
1804,0.000000
1805,1.000000
1806,1.000000
1807,0.000000
1808,12.000000
1809,63.000000
1810,1.000000
1811,0.000000
1812,1.000000
1813,2.000000
1814,1.000000
1815,1.000000
1816,1.000000
1817,1.000000
1818,1.000000
1819,0.000000
1820,1.000000
1821,14.000000
1822,1.000000
1823,1.000000
1824,9.000000
1825,5.000000
1826,0.000000
1827,6.000000
1828,5.000000
1829,3.000000
1830,1.000000
1831,1.000000
1832,1.000000
1833,1.000000
1834,26.000000
1835,7.000000
1836,1.000000
1837,5.000000
1838,3.000000
1839,1.000000
1840,5.000000
1841,6.000000
1842,1.000000
1843,18.000000
1844,1.000000
1845,2.000000
1846,138.000000
1847,3.000000
1848,1.000000
1849,2.000000
1850,1.000000
1851,1.000000
1852,16.000000
1853,2.000000
1854,2.000000
1855,1.000000
1856,2.000000
1857,1.000000
1858,4.000000
1859,1.000000
1860,0.000000
1861,2.000000
1862,28.000000
1863,3.000000
1864,3.000000
1865,10.000000
1866,3.000000
1867,40.000000
1868,32.000000
1869,5.000000
1870,1.000000
1871,1.000000
1872,0.000000
1873,1.000000
1874,15.000000
1875,1.000000
1876,1.000000
1877,2.000000
1878,19.000000
1879,2.000000
1880,0.000000
1881,7.000000
1882,3.000000
1883,1.000000
1884,3.000000
1885,9.000000
1886,3.000000
1887,1.000000
1888,1.000000
1889,8.000000
1890,2.000000
1891,5.000000
1892,1.000000
1893,5.000000
1894,8.000000
1895,2.000000
1896,1.000000
1897,5.000000
1898,1.000000
1899,169.000000
1900,7.000000
1901,2.000000
1902,4.000000
1903,2.000000
1904,2.000000
1905,2.000000
1906,1.000000
1907,3.000000
1908,7.000000
1909,0.000000
1910,14.000000
1911,1.000000
1912,2.000000
1913,49.000000
1914,2.000000
1915,1.000000
1916,0.000000
1917,1.000000
1918,14.000000
1919,3.000000
1920,5.000000
1921,2.000000
1922,2.000000
1923,4.000000
1924,4.000000
1925,1.000000
1926,7.000000
1927,2.000000
1928,0.000000
1929,6.000000
1930,1.000000
1931,1.000000
1932,6.000000
1933,1.000000
1934,2.000000
1935,3.000000
1936,9.000000
1937,16.000000
1938,3.000000
1939,4.000000
1940,6.000000
1941,1.000000
1942,82.000000
1943,11.000000
1944,17.000000
1945,1.000000
1946,2.000000
1947,1.000000
1948,3.000000
1949,8.000000
1950,0.000000
1951,45.000000
1952,5.000000
1953,1.000000
1954,0.000000
1955,28.000000
1956,1.000000
1957,2.000000
1958,15.000000
1959,7.000000
1960,1.000000
1961,1.000000
1962,9.000000
1963,5.000000
1964,2.000000
1965,6.000000
1966,1.000000
1967,5.000000
1968,0.000000
1969,6.000000
1970,1.000000
1971,1.000000
1972,1.000000
1973,1.000000
1974,1.000000
1975,1.000000
1976,17.000000
1977,2.000000
1978,2.000000
1979,24.000000
1980,293.000000
1981,2.000000
1982,0.000000
1983,1.000000
1984,1.000000
1985,0.000000
1986,13.000000
1987,0.000000
1988,5.000000
1989,8.000000
1990,170.000000
1991,6.000000
1992,1.000000
1993,6.000000
1994,0.000000
1995,2.000000
1996,11.000000
1997,1.000000
1998,4.000000
1999,2.000000
2000,2.000000
2001,2.000000
2002,21.000000
2003,0.000000
2004,1.000000
2005,2.000000
2006,52.000000
2007,9.000000
2008,0.000000
2009,1.000000
2010,186.000000
2011,2.000000
2012,12.000000
2013,1.000000
2014,13.000000
2015,4.000000
2016,8.000000
2017,5.000000
2018,0.000000
2019,2.000000
2020,0.000000
2021,3.000000
2022,1.000000
2023,17.000000
2024,3.000000
2025,1.000000
2026,1.000000
2027,18.000000
2028,1.000000
2029,7.000000
2030,2.000000
2031,15.000000
2032,4.000000
2033,7.000000
2034,1.000000
2035,4.000000
2036,1.000000
2037,5.000000
2038,2.000000
2039,4.000000
2040,2.000000
2041,2.000000
2042,0.000000
2043,1.000000
2044,3.000000
2045,7.000000
2046,3.000000
2047,0.000000
2048,2.000000
2049,1.000000
2050,2.000000
2051,3.000000
2052,1.000000
2053,1.000000
2054,1.000000
2055,12.000000
2056,1.000000
2057,3.000000
2058,1.000000
2059,1.000000
2060,24.000000
2061,6.000000
2062,60.000000
2063,4.000000
2064,4.000000
2065,3.000000
2066,9.000000
2067,18.000000
2068,0.000000
2069,10.000000
2070,2.000000
2071,397.000000
2072,1.000000
2073,11.000000
2074,1.000000
2075,3.000000
2076,7.000000
2077,2.000000
2078,1.000000
2079,2.000000
2080,3.000000
2081,2.000000
2082,13.000000
2083,3.000000
2084,8.000000
2085,3.000000
2086,32.000000
2087,2.000000
2088,4.000000
2089,1.000000
2090,5.000000
2091,14.000000
2092,2.000000
2093,1.000000
2094,1.000000
2095,2.000000
2096,0.000000
2097,5.000000
2098,0.000000
2099,1.000000
2100,2.000000
2101,12.000000
2102,5.000000
2103,2.000000
2104,1.000000
2105,2.000000
2106,1.000000
2107,0.000000
2108,2.000000
2109,19.000000
2110,1.000000
2111,1.000000
2112,0.000000
2113,1.000000
2114,1.000000
2115,67.000000
2116,21.000000
2117,18.000000
2118,7.000000
2119,0.000000
2120,9.000000
2121,0.000000
2122,1.000000
2123,0.000000
2124,1.000000
2125,53.000000
2126,1.000000
2127,1.000000
2128,1.000000
2129,20.000000
2130,11.000000
2131,3.000000
2132,0.000000
2133,0.000000
2134,8.000000
2135,74.000000
2136,5.000000
2137,0.000000
2138,1.000000
2139,3.000000
2140,2.000000
2141,9.000000
2142,4.000000
2143,1.000000
2144,4.000000
2145,8.000000
2146,1.000000
2147,1.000000
2148,9.000000
2149,0.000000
2150,1.000000
2151,1.000000
2152,3.000000
2153,2.000000
2154,37.000000
2155,1.000000
2156,0.000000
2157,7.000000
2158,1.000000
2159,8.000000
2160,1.000000
2161,6.000000
2162,1.000000
2163,1.000000
2164,1.000000
2165,4.000000
2166,1.000000
2167,1.000000
2168,2.000000
2169,1.000000
2170,14.000000
2171,10.000000
2172,10.000000
2173,14.000000
2174,1.000000
2175,1.000000
2176,4.000000
2177,1.000000
2178,1.000000
2179,0.000000
2180,1.000000
2181,2.000000
2182,1.000000
2183,14.000000
2184,22.000000
2185,0.000000
2186,2.000000
2187,0.000000
2188,0.000000
2189,1.000000
2190,5.000000
2191,1.000000
2192,1.000000
2193,8.000000
2194,3.000000
2195,5.000000
2196,3.000000
2197,0.000000
2198,4.000000
2199,35.000000
2200,4.000000
2201,3.000000
2202,0.000000
2203,1.000000
2204,5.000000
2205,2.000000
2206,141.000000
2207,4.000000
2208,0.000000
2209,3.000000
2210,8.000000
2211,1.000000
2212,2.000000
2213,2.000000
2214,3.000000
2215,4.000000
2216,1.000000
2217,1.000000
2218,1.000000
2219,10.000000
2220,2.000000
2221,0.000000
2222,10.000000
2223,0.000000
2224,1.000000
2225,0.000000
2226,1.000000
2227,7.000000
2228,1.000000
2229,6.000000
2230,10.000000
2231,1.000000
2232,10.000000
2233,1.000000
2234,11.000000
2235,0.000000
2236,1.000000
2237,1.000000
2238,200.000000
2239,6.000000
2240,1.000000
2241,10.000000
2242,6.000000
2243,26.000000
2244,1.000000
2245,4.000000
2246,0.000000
2247,28.000000
2248,4.000000
2249,10.000000
2250,12.000000
2251,3.000000
2252,20.000000
2253,0.000000
2254,2.000000
2255,3.000000
2256,38.000000
2257,2.000000
2258,1.000000
2259,1.000000
2260,29.000000
2261,1.000000
2262,1.000000
2263,13.000000
2264,2.000000
2265,1.000000
2266,1.000000
2267,1.000000
2268,3.000000
2269,12.000000
2270,3.000000
2271,1.000000
2272,3.000000
2273,3.000000
2274,0.000000
2275,1.000000
2276,1.000000
2277,4.000000
2278,2.000000
2279,3.000000
2280,27.000000
2281,1.000000
2282,2.000000
2283,7.000000
2284,3.000000
2285,36.000000
2286,6.000000
2287,1.000000
2288,2.000000
2289,1.000000
2290,1.000000
2291,1.000000
2292,5.000000
2293,4.000000
2294,4.000000
2295,1.000000
2296,1.000000
2297,35.000000
2298,5.000000
2299,1.000000
2300,4.000000
2301,1.000000
2302,2.000000
2303,1.000000
2304,1.000000
2305,1.000000
2306,2.000000
2307,1.000000
2308,2.000000
2309,55.000000
2310,2.000000
2311,1.000000
2312,1.000000
2313,2.000000
2314,0.000000
2315,8.000000
2316,2.000000
2317,3.000000
2318,3.000000
2319,5.000000
2320,2.000000
2321,6.000000
2322,2.000000
2323,19.000000
2324,2.000000
2325,1.000000
2326,1.000000
2327,1.000000
2328,17.000000
2329,48.000000
2330,11.000000
2331,20.000000
2332,2.000000
2333,1.000000
2334,2.000000
2335,65.000000
2336,2.000000
2337,4.000000
2338,4.000000
2339,4.000000
2340,5.000000
2341,2.000000
2342,0.000000
2343,1.000000
2344,5.000000
2345,12.000000
2346,4.000000
2347,2.000000
2348,1.000000
2349,44.000000
2350,1.000000
2351,3.000000
2352,0.000000
2353,3.000000
2354,1.000000
2355,11.000000
2356,1.000000
2357,2.000000
2358,2.000000
2359,8.000000
2360,1.000000
2361,0.000000
2362,0.000000
2363,3.000000
2364,5.000000
2365,2.000000
2366,1.000000
2367,14.000000
2368,3.000000
2369,3.000000
2370,0.000000
2371,1.000000
2372,3.000000
2373,2.000000
2374,2.000000
2375,1.000000
2376,4.000000
2377,1.000000
2378,3.000000
2379,4.000000
2380,0.000000
2381,1.000000
2382,1.000000
2383,0.000000
2384,2.000000
2385,0.000000
2386,1.000000
2387,1.000000
2388,1.000000
2389,1.000000
2390,1.000000
2391,2.000000
2392,2.000000
2393,1.000000
2394,8.000000
2395,1.000000
2396,2.000000
2397,1.000000
2398,1.000000
2399,5.000000
2400,1.000000
2401,2.000000
2402,15.000000
2403,0.000000
2404,10.000000
2405,5.000000
2406,1.000000
2407,1.000000
2408,2.000000
2409,1.000000
2410,0.000000
2411,0.000000
2412,43.000000
2413,5.000000
2414,16.000000
2415,3.000000
2416,1.000000
2417,2.000000
2418,0.000000
2419,0.000000
2420,1.000000
2421,3.000000
2422,1.000000
2423,1.000000
2424,1.000000
2425,3.000000
2426,10.000000
2427,7.000000
2428,1.000000
2429,0.000000
2430,0.000000
2431,1.000000
2432,4.000000
2433,2.000000
2434,1.000000
2435,1.000000
2436,4.000000
2437,0.000000
2438,2.000000
2439,1.000000
2440,1.000000
2441,5.000000
2442,0.000000
2443,3.000000
2444,1.000000
2445,1.000000
2446,1.000000
2447,9.000000
2448,1.000000
2449,2.000000
2450,1.000000
2451,3.000000
2452,1.000000
2453,0.000000
2454,1.000000
2455,4.000000
2456,35.000000
2457,3.000000
2458,0.000000
2459,0.000000
2460,1.000000
2461,4.000000
2462,2.000000
2463,0.000000
2464,0.000000
2465,1.000000
2466,7.000000
2467,10.000000
2468,3.000000
2469,1.000000
2470,25.000000
2471,1.000000
2472,2.000000
2473,1.000000
2474,1.000000
2475,1.000000
2476,1.000000
2477,1.000000
2478,2.000000
2479,0.000000
2480,0.000000
2481,2.000000
2482,3.000000
2483,0.000000
2484,19.000000
2485,1.000000
2486,2.000000
2487,3.000000
2488,1.000000
2489,8.000000
2490,1.000000
2491,5.000000
2492,2.000000
2493,3.000000
2494,26.000000
2495,7.000000
2496,2.000000
2497,7.000000
2498,4.000000
2499,2.000000
2500,1.000000
2501,1.000000
2502,1.000000
2503,7.000000
2504,1.000000
2505,1.000000
2506,0.000000
2507,2.000000
2508,1.000000
2509,1.000000
2510,3.000000
2511,5.000000
2512,3.000000
2513,1.000000
2514,1.000000
2515,8.000000
2516,1.000000
2517,2.000000
2518,2.000000
2519,6.000000
2520,11.000000
2521,1.000000
2522,6.000000
2523,2.000000
2524,0.000000
2525,0.000000
2526,2.000000
2527,2.000000
2528,84.000000
2529,3.000000
2530,0.000000
2531,3.000000
2532,0.000000
2533,5.000000
2534,2.000000
2535,0.000000
2536,1.000000
2537,5.000000
2538,1.000000
2539,4.000000
2540,0.000000
2541,5.000000
2542,1.000000
2543,1.000000
2544,0.000000
2545,0.000000
2546,1.000000
2547,0.000000
2548,2.000000
2549,2.000000
2550,0.000000
2551,90.000000
2552,2.000000
2553,1.000000
2554,5.000000
2555,0.000000
2556,3.000000
2557,6.000000
2558,0.000000
2559,5.000000
2560,0.000000
2561,79.000000
2562,5.000000
2563,8.000000
2564,1.000000
2565,1.000000
2566,2.000000
2567,1.000000
2568,1.000000
2569,197.000000
2570,0.000000
2571,406.000000
2572,1.000000
2573,3.000000
2574,1.000000
2575,4.000000
2576,60.000000
2577,1.000000
2578,1.000000
2579,1.000000
2580,0.000000
2581,0.000000
2582,7.000000
2583,42.000000
2584,1.000000
2585,1.000000
2586,15.000000
2587,2.000000
2588,1.000000
2589,8.000000
2590,1.000000
2591,2.000000
2592,1.000000
2593,1.000000
2594,4.000000
2595,2.000000
2596,7.000000
2597,1.000000
2598,6.000000
2599,0.000000
2600,5.000000
2601,2.000000
2602,4.000000
2603,4.000000
2604,4.000000
2605,2.000000
2606,12.000000
2607,12.000000
2608,7.000000
2609,9.000000
2610,1.000000
2611,3.000000
2612,0.000000
2613,2.000000
2614,0.000000
2615,1.000000
2616,0.000000
2617,6.000000
2618,2.000000
2619,1.000000
2620,1.000000
2621,0.000000
2622,0.000000
2623,1.000000
2624,2.000000
2625,3.000000
2626,5.000000
2627,1.000000
2628,1.000000
2629,1.000000
2630,0.000000
2631,0.000000
2632,0.000000
2633,0.000000
2634,18.000000
2635,8.000000
2636,2.000000
2637,1.000000
2638,5.000000
2639,2.000000
2640,3.000000
2641,1.000000
2642,1.000000
2643,3.000000
2644,0.000000
2645,0.000000
2646,3.000000
2647,7.000000
2648,2.000000
2649,1.000000
2650,1.000000
2651,26.000000
2652,9.000000
2653,2.000000
2654,6.000000
2655,0.000000
2656,1.000000
2657,1.000000
2658,1.000000
2659,3.000000
2660,2.000000
2661,1.000000
2662,4.000000
2663,0.000000
2664,4.000000
2665,0.000000
2666,1.000000
2667,2.000000
2668,2.000000
2669,1.000000
2670,1.000000
2671,0.000000
2672,1.000000
2673,0.000000
2674,0.000000
2675,66.000000
2676,3.000000
2677,21.000000
2678,1.000000
2679,4.000000
2680,3.000000
2681,0.000000
2682,4.000000
2683,31.000000
2684,1.000000
2685,1.000000
2686,4.000000
2687,2.000000
2688,3.000000
2689,1.000000
2690,4.000000
2691,1.000000
2692,41.000000
2693,3.000000
2694,2.000000
2695,0.000000
2696,2.000000
2697,1.000000
2698,17.000000
2699,1.000000
2700,21.000000
2701,18.000000
2702,2.000000
2703,6.000000
2704,1.000000
2705,20.000000
2706,1.000000
2707,1.000000
2708,3.000000
2709,5.000000
2710,23.000000
2711,1.000000
2712,1.000000
2713,8.000000
2714,1.000000
2715,1.000000
2716,17.000000
2717,3.000000
2718,1.000000
2719,1.000000
2720,2.000000
2721,2.000000
2722,3.000000
2723,2.000000
2724,6.000000
2725,1.000000
2726,2.000000
2727,0.000000
2728,12.000000
2729,1.000000
2730,3.000000
2731,2.000000
2732,2.000000
2733,4.000000
2734,4.000000
2735,1.000000
2736,3.000000
2737,8.000000
2738,2.000000
2739,1.000000
2740,0.000000
2741,1.000000
2742,2.000000
2743,6.000000
2744,0.000000
2745,2.000000
2746,4.000000
2747,5.000000
2748,1.000000
2749,5.000000
2750,1.000000
2751,27.000000
2752,3.000000
2753,1.000000
2754,4.000000
2755,5.000000
2756,1.000000
2757,1.000000
2758,1.000000
2759,0.000000
2760,1.000000
2761,3.000000
2762,10.000000
2763,7.000000
2764,1.000000
2765,1.000000
2766,2.000000
2767,1.000000
2768,1.000000
2769,1.000000
2770,1.000000
2771,28.000000
2772,1.000000
2773,5.000000
2774,1.000000
2775,4.000000
2776,3.000000
2777,1.000000
2778,71.000000
2779,1.000000
2780,1.000000
2781,3.000000
2782,2.000000
2783,13.000000
2784,1.000000
2785,2.000000
2786,1.000000
2787,0.000000
2788,0.000000
2789,2.000000
2790,2.000000
2791,3.000000
2792,1.000000
2793,9.000000
2794,2.000000
2795,5.000000
2796,1.000000
2797,1.000000
2798,2.000000
2799,21.000000
2800,17.000000
2801,3.000000
2802,5.000000
2803,65.000000
2804,11.000000
2805,3.000000
2806,20.000000
2807,1.000000
2808,3.000000
2809,0.000000
2810,2.000000
2811,2.000000
2812,1.000000
2813,4.000000
2814,6.000000
2815,4.000000
2816,2.000000
2817,4.000000
2818,4.000000
2819,11.000000
2820,1.000000
2821,2.000000
2822,2.000000
2823,3.000000
2824,8.000000
2825,1.000000
2826,6.000000
2827,76.000000
2828,2.000000
2829,11.000000
2830,2.000000
2831,6.000000
2832,2.000000
2833,2.000000
2834,4.000000
2835,0.000000
2836,1.000000
2837,1.000000
2838,5.000000
2839,3.000000
2840,0.000000
2841,3.000000
2842,1.000000
2843,0.000000
2844,2.000000
2845,1.000000
2846,1.000000
2847,1.000000
2848,2.000000
2849,0.000000
2850,0.000000
2851,5.000000
2852,1.000000
2853,2.000000
2854,0.000000
2855,1.000000
2856,0.000000
2857,1.000000
2858,4.000000
2859,1.000000
2860,2.000000
2861,8.000000
2862,1.000000
2863,128.000000
2864,13.000000
2865,9.000000
2866,2.000000
2867,1.000000
2868,0.000000
2869,7.000000
2870,1.000000
2871,0.000000
2872,1.000000
2873,2.000000
2874,1.000000
2875,1.000000
2876,16.000000
2877,9.000000
2878,9.000000
2879,1.000000
2880,0.000000
2881,0.000000
2882,0.000000
2883,0.000000
2884,0.000000
2885,0.000000
2886,0.000000
2887,1.000000
2888,1.000000
2889,1.000000
2890,2.000000
2891,18.000000
2892,1.000000
2893,1.000000
2894,78.000000
2895,2.000000
2896,4.000000
2897,1.000000
2898,1.000000
2899,5.000000
2900,0.000000
2901,0.000000
2902,3.000000
2903,0.000000
2904,1.000000
2905,0.000000
2906,1.000000
2907,2.000000
2908,3.000000
2909,1.000000
2910,5.000000
2911,1.000000
2912,1.000000
2913,2.000000
2914,1.000000
2915,31.000000
2916,8.000000
2917,8.000000
2918,0.000000
2919,6.000000
2920,5.000000
2921,6.000000
2922,1.000000
2923,1.000000
2924,1.000000
2925,1.000000
2926,4.000000
2927,1.000000
2928,27.000000
2929,12.000000
2930,4.000000
2931,4.000000
2932,1.000000
2933,69.000000
2934,2.000000
2935,13.000000
2936,1.000000
2937,1.000000
2938,0.000000
2939,6.000000
2940,0.000000
2941,1.000000
2942,0.000000
2943,0.000000
2944,9.000000
2945,0.000000
2946,2.000000
2947,3.000000
2948,3.000000
2949,1.000000
2950,5.000000
2951,1.000000
2952,8.000000
2953,6.000000
2954,1.000000
2955,2.000000
2956,37.000000
2957,8.000000
2958,1.000000
2959,6.000000
2960,0.000000
2961,0.000000
2962,4.000000
2963,0.000000
2964,0.000000
2965,1.000000
2966,4.000000
2967,1.000000
2968,0.000000
2969,1.000000
2970,1.000000
2971,2.000000
2972,6.000000
2973,1.000000
2974,1.000000
2975,0.000000
2976,2.000000
2977,0.000000
2978,1.000000
2979,1.000000
2980,0.000000
2981,1.000000
2982,3.000000
2983,0.000000
2984,0.000000
2985,2.000000
2986,1.000000
2987,1.000000
2988,2.000000
2989,1.000000
2990,2.000000
2991,3.000000
2992,2.000000
2993,1.000000
2994,12.000000
2995,5.000000
2996,1.000000
2997,1.000000
2998,1.000000
2999,1.000000
3000,2.000000
3001,3.000000
3002,1.000000
3003,0.000000
3004,0.000000
3005,1.000000
3006,46.000000
3007,1.000000
3008,2.000000
3009,5.000000
3010,2.000000
3011,11.000000
3012,3.000000
3013,25.000000
3014,0.000000
3015,0.000000
3016,3.000000
3017,2.000000
3018,1.000000
3019,1.000000
3020,1.000000
3021,1.000000
3022,0.000000
3023,0.000000
3024,10.000000
3025,5.000000
3026,3.000000
3027,2.000000
3028,1.000000
3029,1.000000
3030,3.000000
3031,1.000000
3032,212.000000
3033,0.000000
3034,9.000000
3035,1.000000
3036,1.000000
3037,3.000000
3038,1.000000
3039,3.000000
3040,0.000000
3041,16.000000
3042,10.000000
3043,1.000000
3044,3.000000
3045,0.000000
3046,1.000000
3047,1.000000
3048,1.000000
3049,5.000000
3050,0.000000
3051,2.000000
3052,3.000000
3053,0.000000
3054,10.000000
3055,1.000000
3056,1.000000
3057,1.000000
3058,0.000000
3059,26.000000
3060,0.000000
3061,1.000000
3062,5.000000
3063,2.000000
3064,0.000000
3065,0.000000
3066,1.000000
3067,1.000000
3068,1.000000
3069,1.000000
3070,1.000000
3071,0.000000
3072,0.000000
3073,0.000000
3074,0.000000
3075,0.000000
3076,1.000000
3077,1.000000
3078,8.000000
3079,6.000000
3080,2.000000
3081,9.000000
3082,2.000000
3083,1.000000
3084,1.000000
3085,4.000000
3086,1.000000
3087,1.000000
3088,2.000000
3089,4.000000
3090,6.000000
3091,14.000000
3092,3.000000
3093,11.000000
3094,2.000000
3095,2.000000
3096,0.000000
3097,0.000000
3098,2.000000
3099,2.000000
3100,8.000000
3101,1.000000
3102,1.000000
3103,2.000000
3104,8.000000
3105,4.000000
3106,1.000000
3107,3.000000
3108,0.000000
3109,0.000000
3110,4.000000
3111,1.000000
3112,0.000000
3113,1.000000
3114,3.000000
3115,1.000000
3116,46.000000
3117,2.000000
3118,3.000000
3119,1.000000
3120,22.000000
3121,0.000000
3122,2.000000
3123,2.000000
3124,0.000000
3125,13.000000
3126,2.000000
3127,2.000000
3128,4.000000
3129,1.000000
3130,13.000000
3131,1.000000
3132,0.000000
3133,14.000000
3134,1.000000
3135,19.000000
3136,1.000000
3137,2.000000
3138,4.000000
3139,5.000000
3140,1.000000
3141,1.000000
3142,1.000000
3143,4.000000
3144,1.000000
3145,4.000000
3146,2.000000
3147,1.000000
3148,4.000000
3149,4.000000
3150,3.000000
3151,2.000000
3152,1.000000
3153,3.000000
3154,2.000000
3155,1.000000
3156,2.000000
3157,1.000000
3158,2.000000
3159,2.000000
3160,1.000000
3161,2.000000
3162,2.000000
3163,0.000000
3164,0.000000
3165,2.000000
3166,3.000000
3167,4.000000
3168,3.000000
3169,1.000000
3170,3.000000
3171,2.000000
3172,9.000000
3173,13.000000
3174,2.000000
3175,1.000000
3176,2.000000
3177,1.000000
3178,2.000000
3179,1.000000
3180,2.000000
3181,1.000000
3182,1.000000
3183,1.000000
3184,2.000000
3185,0.000000
3186,3.000000
3187,7.000000
3188,1.000000
3189,3.000000
3190,1.000000
3191,1.000000
3192,0.000000
3193,3.000000
3194,0.000000
3195,3.000000
3196,3.000000
3197,0.000000
3198,2.000000
3199,2.000000
3200,1.000000
3201,1.000000
3202,1.000000
3203,1.000000
3204,2.000000
3205,0.000000
3206,1.000000
3207,0.000000
3208,1.000000
3209,4.000000
3210,0.000000
3211,2.000000
3212,2.000000
3213,6.000000
3214,4.000000
3215,2.000000
3216,10.000000
3217,9.000000
3218,1.000000
3219,15.000000
3220,2.000000
3221,5.000000
3222,1.000000
3223,3.000000
3224,0.000000
3225,0.000000
3226,7.000000
3227,9.000000
3228,2.000000
3229,1.000000
3230,1.000000
3231,2.000000
3232,1.000000
3233,11.000000
3234,2.000000
3235,2.000000
3236,2.000000
3237,1.000000
3238,1.000000
3239,5.000000
3240,1.000000
3241,1.000000
3242,46.000000
3243,2.000000
3244,4.000000
3245,2.000000
3246,8.000000
3247,1.000000
3248,3.000000
3249,14.000000
3250,1.000000
3251,2.000000
3252,0.000000
3253,1.000000
3254,3.000000
3255,1.000000
3256,4.000000
3257,0.000000
3258,2.000000
3259,0.000000
3260,1.000000
3261,43.000000
3262,1.000000
3263,1.000000
3264,0.000000
3265,0.000000
3266,0.000000
3267,14.000000
3268,0.000000
3269,8.000000
3270,4.000000
3271,4.000000
3272,2.000000
3273,5.000000
3274,1.000000
3275,2.000000
3276,2.000000
3277,8.000000
3278,0.000000
3279,2.000000
3280,0.000000
3281,1.000000
3282,1.000000
3283,3.000000
3284,1.000000
3285,5.000000
3286,0.000000
3287,6.000000
3288,1.000000
3289,0.000000
3290,2.000000
3291,9.000000
3292,3.000000
3293,0.000000
3294,4.000000
3295,0.000000
3296,1.000000
3297,1.000000
3298,0.000000
3299,10.000000
3300,5.000000
3301,2.000000
3302,1.000000
3303,9.000000
3304,0.000000
3305,1.000000
3306,1.000000
3307,3.000000
3308,3.000000
3309,8.000000
3310,1.000000
3311,0.000000
3312,5.000000
3313,1.000000
3314,1.000000
3315,1.000000
3316,2.000000
3317,5.000000
3318,1.000000
3319,0.000000
3320,0.000000
3321,0.000000
3322,1.000000
3323,0.000000
3324,0.000000
3325,1.000000
3326,3.000000
3327,0.000000
3328,0.000000
3329,2.000000
3330,0.000000
3331,2.000000
3332,2.000000
3333,1.000000
3334,2.000000
3335,1.000000
3336,3.000000
3337,1.000000
3338,2.000000
3339,29.000000
3340,0.000000
3341,0.000000
3342,2.000000
3343,3.000000
3344,3.000000
3345,4.000000
3346,2.000000
3347,106.000000
3348,63.000000
3349,5.000000
3350,3.000000
3351,3.000000
3352,0.000000
3353,2.000000
3354,3.000000
3355,1.000000
3356,6.000000
3357,4.000000
3358,47.000000
3359,1.000000
3360,1.000000
3361,1.000000
3362,12.000000
3363,2.000000
3364,1.000000
3365,0.000000
3366,2.000000
3367,1.000000
3368,3.000000
3369,8.000000
3370,1.000000
3371,2.000000
3372,2.000000
3373,0.000000
3374,5.000000
3375,1.000000
3376,1.000000
3377,1.000000
3378,0.000000
3379,3.000000
3380,1.000000
3381,2.000000
3382,10.000000
3383,5.000000
3384,7.000000
3385,0.000000
3386,3.000000
3387,3.000000
3388,2.000000
3389,1.000000
3390,2.000000
3391,1.000000
3392,9.000000
3393,1.000000
3394,7.000000
3395,3.000000
3396,0.000000
3397,2.000000
3398,5.000000
3399,44.000000
3400,9.000000
3401,1.000000
3402,5.000000
3403,4.000000
3404,1.000000
3405,2.000000
3406,20.000000
3407,2.000000
3408,3.000000
3409,3.000000
3410,4.000000
3411,12.000000
3412,2.000000
3413,4.000000
3414,4.000000
3415,0.000000
3416,1.000000
3417,3.000000
3418,3.000000
3419,2.000000
3420,1.000000
3421,2.000000
3422,1.000000
3423,1.000000
3424,0.000000
3425,6.000000
3426,1.000000
3427,4.000000
3428,0.000000
3429,6.000000
3430,1.000000
3431,1.000000
3432,4.000000
3433,37.000000
3434,7.000000
3435,3.000000
3436,1.000000
3437,5.000000
3438,2.000000
3439,1.000000
3440,30.000000
3441,9.000000
3442,2.000000
3443,10.000000
3444,1.000000
3445,0.000000
3446,1.000000
3447,1.000000
3448,1.000000
3449,0.000000
3450,1.000000
3451,0.000000
3452,6.000000
3453,1.000000
3454,1.000000
3455,0.000000
3456,0.000000
3457,1.000000
3458,1.000000
3459,2.000000
3460,1.000000
3461,4.000000
3462,1.000000
3463,1.000000
3464,3.000000
3465,1.000000
3466,1.000000
3467,17.000000
3468,0.000000
3469,26.000000
3470,1.000000
3471,3.000000
3472,7.000000
3473,1.000000
3474,1.000000
3475,2.000000
3476,48.000000
3477,1.000000
3478,9.000000
3479,6.000000
3480,2.000000
3481,2.000000
3482,2.000000
3483,1.000000
3484,0.000000
3485,1.000000
3486,2.000000
3487,1.000000
3488,2.000000
3489,7.000000
3490,2.000000
3491,10.000000
3492,1.000000
3493,3.000000
3494,3.000000
3495,3.000000
3496,1.000000
3497,11.000000
3498,1.000000
3499,3.000000
3500,1.000000
3501,4.000000
3502,1.000000
3503,2.000000
3504,0.000000
3505,1.000000
3506,1.000000
3507,4.000000
3508,3.000000
3509,11.000000
3510,1.000000
3511,1.000000
3512,0.000000
3513,2.000000
3514,0.000000
3515,1.000000
3516,2.000000
3517,1.000000
3518,5.000000
3519,8.000000
3520,1.000000
3521,8.000000
3522,1.000000
3523,3.000000
3524,2.000000
3525,1.000000
3526,4.000000
3527,1.000000
3528,1.000000
3529,0.000000
3530,0.000000
3531,1.000000
3532,5.000000
3533,0.000000
3534,0.000000
3535,1.000000
3536,2.000000
3537,34.000000
3538,1.000000
3539,0.000000
3540,2.000000
3541,3.000000
3542,9.000000
3543,1.000000
3544,16.000000
3545,4.000000
3546,2.000000
3547,1.000000
3548,32.000000
3549,1.000000
3550,10.000000
3551,1.000000
3552,1.000000
3553,2.000000
3554,15.000000
3555,2.000000
3556,2.000000
3557,1.000000
3558,2.000000
3559,2.000000
3560,6.000000
3561,44.000000
3562,10.000000
3563,2.000000
3564,2.000000
3565,38.000000
3566,1.000000
3567,1.000000
3568,1.000000
3569,1.000000
3570,1.000000
3571,1.000000
3572,2.000000
3573,4.000000
3574,2.000000
3575,1.000000
3576,2.000000
3577,1.000000
3578,2.000000
3579,5.000000
3580,22.000000
3581,2.000000
3582,1.000000
3583,0.000000
3584,1.000000
3585,1.000000
3586,1.000000
3587,0.000000
3588,0.000000
3589,0.000000
3590,0.000000
3591,1.000000
3592,3.000000
3593,3.000000
3594,22.000000
3595,1.000000
3596,8.000000
3597,0.000000
3598,1.000000
3599,1.000000
3600,1.000000
3601,1.000000
3602,1.000000
3603,49.000000
3604,4.000000
3605,1.000000
3606,1.000000
3607,50.000000
3608,1.000000
3609,1.000000
3610,1.000000
3611,1.000000
3612,5.000000
3613,11.000000
3614,1.000000
3615,1.000000
3616,3.000000
3617,69.000000
3618,108.000000
3619,1.000000
3620,4.000000
3621,1.000000
3622,89.000000
3623,7.000000
3624,9.000000
3625,14.000000
3626,5.000000
3627,0.000000
3628,1.000000
3629,4.000000
3630,39.000000
3631,0.000000
3632,1.000000
3633,2.000000
3634,2.000000
3635,1.000000
3636,1.000000
3637,6.000000
3638,133.000000
3639,2.000000
3640,1.000000
3641,11.000000
3642,19.000000
3643,2.000000
3644,2.000000
3645,0.000000
3646,1.000000
3647,32.000000
3648,5.000000
3649,1.000000
3650,8.000000
3651,1.000000
3652,2.000000
3653,15.000000
3654,1.000000
3655,1.000000
3656,0.000000
3657,0.000000
3658,1.000000
3659,22.000000
3660,18.000000
3661,1.000000
3662,21.000000
3663,23.000000
3664,0.000000
3665,1.000000
3666,1.000000
3667,6.000000
3668,3.000000
3669,12.000000
3670,5.000000
3671,3.000000
3672,3.000000
3673,1.000000
3674,1.000000
3675,0.000000
3676,1.000000
3677,1.000000
3678,4.000000
3679,1.000000
3680,1.000000
3681,1.000000
3682,27.000000
3683,0.000000
3684,5.000000
3685,2.000000
3686,28.000000
3687,27.000000
3688,25.000000
3689,29.000000
3690,28.000000
3691,28.000000
3692,28.000000
3693,28.000000
3694,28.000000
3695,29.000000
3696,3.000000
3697,3.000000
3698,4.000000
3699,2.000000
3700,6.000000
3701,5.000000
3702,2.000000
3703,7.000000
3704,42.000000
3705,1.000000
3706,2.000000
3707,1.000000
3708,3.000000
3709,10.000000
3710,0.000000
3711,5.000000
3712,0.000000
3713,6.000000
3714,2.000000
3715,19.000000
3716,2.000000
3717,1.000000
3718,0.000000
3719,1.000000
3720,1.000000
3721,3.000000
3722,2.000000
3723,8.000000
3724,105.000000
3725,2.000000
3726,7.000000
3727,3.000000
3728,1.000000
3729,1.000000
3730,2.000000
3731,0.000000
3732,1.000000
3733,3.000000
3734,1.000000
3735,51.000000
3736,2.000000
3737,3.000000
3738,7.000000
3739,3.000000
3740,5.000000
3741,4.000000
3742,1.000000
3743,2.000000
3744,20.000000
3745,5.000000
3746,5.000000
3747,3.000000
3748,1.000000
3749,15.000000
3750,2.000000
3751,1.000000
3752,4.000000
3753,4.000000
3754,1.000000
3755,0.000000
3756,2.000000
3757,2.000000
3758,2.000000
3759,7.000000
3760,2.000000
3761,1.000000
3762,1.000000
3763,1.000000
3764,2.000000
3765,1.000000
3766,0.000000
3767,1.000000
3768,0.000000
3769,1.000000
3770,2.000000
3771,1.000000
3772,5.000000
3773,0.000000
3774,0.000000
3775,65.000000
3776,3.000000
3777,26.000000
3778,1.000000
3779,1.000000
3780,1.000000
3781,3.000000
3782,1.000000
3783,8.000000
3784,2.000000
3785,0.000000
3786,1.000000
3787,10.000000
3788,1.000000
3789,24.000000
3790,4.000000
3791,0.000000
3792,1.000000
3793,104.000000
3794,6.000000
3795,3.000000
3796,1.000000
3797,1.000000
3798,5.000000
3799,2.000000
3800,36.000000
3801,28.000000
3802,1.000000
3803,0.000000
3804,1.000000
3805,0.000000
3806,9.000000
3807,1.000000
3808,1.000000
3809,1.000000
3810,1.000000
3811,2.000000
3812,74.000000
3813,2.000000
3814,4.000000
3815,28.000000
3816,1.000000
3817,3.000000
3818,8.000000
3819,3.000000
3820,3.000000
3821,2.000000
3822,10.000000
3823,1.000000
3824,0.000000
3825,0.000000
3826,0.000000
3827,0.000000
3828,0.000000
3829,0.000000
3830,0.000000
3831,0.000000
3832,0.000000
3833,0.000000
3834,0.000000
3835,0.000000
3836,0.000000
3837,0.000000
3838,4.000000
3839,0.000000
3840,1.000000
3841,0.000000
3842,2.000000
3843,6.000000
3844,0.000000
3845,1.000000
3846,2.000000
3847,5.000000
3848,0.000000
3849,27.000000
3850,1.000000
3851,1.000000
3852,0.000000
3853,10.000000
3854,10.000000
3855,10.000000
3856,1.000000
3857,1.000000
3858,1.000000
3859,7.000000
3860,1.000000
3861,4.000000
3862,5.000000
3863,1.000000
3864,0.000000
3865,1.000000
3866,2.000000
3867,1.000000
3868,0.000000
3869,1.000000
3870,2.000000
3871,2.000000
3872,2.000000
3873,6.000000
3874,2.000000
3875,2.000000
3876,15.000000
3877,3.000000
3878,1.000000
3879,3.000000
3880,3.000000
3881,1.000000
3882,8.000000
3883,0.000000
3884,1.000000
3885,1.000000
3886,2.000000
3887,1.000000
3888,2.000000
3889,4.000000
3890,1.000000
3891,190.000000
3892,1.000000
3893,1.000000
3894,1.000000
3895,3.000000
3896,0.000000
3897,4.000000
3898,2.000000
3899,12.000000
3900,4.000000
3901,1.000000
3902,1.000000
3903,2.000000
3904,1.000000
3905,4.000000
3906,4.000000
3907,1.000000
3908,3.000000
3909,0.000000
3910,32.000000
3911,1.000000
3912,1.000000
3913,6.000000
3914,8.000000
3915,1.000000
3916,2.000000
3917,1.000000
3918,2.000000
3919,1.000000
3920,0.000000
3921,2.000000
3922,2.000000
3923,2.000000
3924,1.000000
3925,1.000000
3926,2.000000
3927,2.000000
3928,1.000000
3929,3.000000
3930,0.000000
3931,2.000000
3932,2.000000
3933,1.000000
3934,3.000000
3935,1.000000
3936,1.000000
3937,0.000000
3938,1.000000
3939,0.000000
3940,2.000000
3941,1.000000
3942,0.000000
3943,0.000000
3944,0.000000
3945,0.000000
3946,0.000000
3947,0.000000
3948,0.000000
3949,0.000000
3950,0.000000
3951,3.000000
3952,6.000000
3953,1.000000
3954,2.000000
3955,6.000000
3956,1.000000
3957,1.000000
3958,0.000000
3959,1.000000
3960,0.000000
3961,12.000000
3962,2.000000
3963,1.000000
3964,4.000000
3965,0.000000
3966,0.000000
3967,9.000000
3968,2.000000
3969,3.000000
3970,1.000000
3971,2.000000
3972,2.000000
3973,1.000000
3974,0.000000
3975,1.000000
3976,1.000000
3977,4.000000
3978,3.000000
3979,1.000000
3980,0.000000
3981,2.000000
3982,1.000000
3983,0.000000
3984,0.000000
3985,0.000000
3986,0.000000
3987,1.000000
3988,1.000000
3989,1.000000
3990,2.000000
3991,1.000000
3992,1.000000
3993,1.000000
3994,5.000000
3995,18.000000
3996,3.000000
3997,2.000000
3998,1.000000
3999,9.000000
4000,22.000000
4001,29.000000
4002,0.000000
4003,1.000000
4004,8.000000
4005,1.000000
4006,3.000000
4007,7.000000
4008,2.000000
4009,1.000000
4010,3.000000
4011,0.000000
4012,0.000000
4013,7.000000
4014,1.000000
4015,1.000000
4016,2.000000
4017,1.000000
4018,7.000000
4019,12.000000
4020,2.000000
4021,0.000000
4022,2.000000
4023,5.000000
4024,1.000000
4025,0.000000
4026,1.000000
4027,1.000000
4028,56.000000
4029,2.000000
4030,1.000000
4031,0.000000
4032,1.000000
4033,2.000000
4034,1.000000
4035,0.000000
4036,3.000000
4037,1.000000
4038,1.000000
4039,2.000000
4040,1.000000
4041,0.000000
4042,4.000000
4043,4.000000
4044,0.000000
4045,1.000000
4046,2.000000
4047,1.000000
4048,24.000000
4049,4.000000
4050,1.000000
4051,1.000000
4052,7.000000
4053,1.000000
4054,1.000000
4055,1.000000
4056,8.000000
4057,0.000000
4058,1.000000
4059,2.000000
4060,0.000000
4061,0.000000
4062,6.000000
4063,0.000000
4064,1.000000
4065,5.000000
4066,2.000000
4067,2.000000
4068,1.000000
4069,1.000000
4070,3.000000
4071,264.000000
4072,6.000000
4073,1.000000
4074,1.000000
4075,1.000000
4076,1.000000
4077,3.000000
4078,12.000000
4079,1.000000
4080,1.000000
4081,2.000000
4082,1.000000
4083,2.000000
4084,6.000000
4085,17.000000
4086,34.000000
4087,5.000000
4088,1.000000
4089,202.000000
4090,13.000000
4091,4.000000
4092,0.000000
4093,1.000000
4094,3.000000
4095,1.000000
4096,0.000000
4097,20.000000
4098,1.000000
4099,3.000000
4100,1.000000
4101,17.000000
4102,0.000000
4103,0.000000
4104,0.000000
4105,1.000000
4106,3.000000
4107,4.000000
4108,4.000000
4109,2.000000
4110,2.000000
4111,0.000000
4112,9.000000
4113,1.000000
4114,5.000000
4115,1.000000
4116,1.000000
4117,9.000000
4118,2.000000
4119,17.000000
4120,2.000000
4121,13.000000
4122,1.000000
4123,1.000000
4124,0.000000
4125,0.000000
4126,1.000000
4127,13.000000
4128,2.000000
4129,1.000000
4130,1.000000
4131,1.000000
4132,9.000000
4133,3.000000
4134,1.000000
4135,1.000000
4136,1.000000
4137,1.000000
4138,1.000000
4139,1.000000
4140,1.000000
4141,3.000000
4142,3.000000
4143,24.000000
4144,9.000000
4145,1.000000
4146,5.000000
4147,3.000000
4148,2.000000
4149,1.000000
4150,4.000000
4151,0.000000
4152,11.000000
4153,4.000000
4154,2.000000
4155,4.000000
4156,3.000000
4157,3.000000
4158,4.000000
4159,3.000000
4160,1.000000
4161,5.000000
4162,21.000000
4163,17.000000
4164,7.000000
4165,0.000000
4166,5.000000
4167,0.000000
4168,0.000000
4169,172.000000
4170,1.000000
4171,1.000000
4172,1.000000
4173,8.000000
4174,2.000000
4175,7.000000
4176,0.000000
4177,1.000000
4178,3.000000
4179,4.000000
4180,24.000000
4181,4.000000
4182,1.000000
4183,35.000000
4184,2.000000
4185,1.000000
4186,1.000000
4187,1.000000
4188,0.000000
4189,0.000000
4190,0.000000
4191,4.000000
4192,1.000000
4193,1.000000
4194,1.000000
4195,28.000000
4196,38.000000
4197,3.000000
4198,1.000000
4199,1.000000
4200,1.000000
4201,32.000000
4202,1.000000
4203,1.000000
4204,6.000000
4205,0.000000
4206,8.000000
4207,19.000000
4208,0.000000
4209,1.000000
4210,3.000000
4211,1.000000
4212,3.000000
4213,11.000000
4214,1.000000
4215,11.000000
4216,3.000000
4217,6.000000
4218,6.000000
4219,1.000000
4220,1.000000
4221,1.000000
4222,1.000000
4223,1.000000
4224,1.000000
4225,1.000000
4226,2.000000
4227,0.000000
4228,3.000000
4229,4.000000
4230,0.000000
4231,0.000000
4232,9.000000
4233,4.000000
4234,1.000000
4235,0.000000
4236,17.000000
4237,11.000000
4238,1.000000
4239,0.000000
4240,42.000000
4241,3.000000
4242,25.000000
4243,1.000000
4244,1.000000
4245,1.000000
4246,1.000000
4247,0.000000
4248,7.000000
4249,0.000000
4250,1.000000
4251,1.000000
4252,4.000000
4253,1.000000
4254,1.000000
4255,1.000000
4256,10.000000
4257,5.000000
4258,12.000000
4259,0.000000
4260,0.000000
4261,3.000000
4262,52.000000
4263,1.000000
4264,1.000000
4265,2.000000
4266,6.000000
4267,1.000000
4268,1.000000
4269,2.000000
4270,5.000000
4271,1.000000
4272,2.000000
4273,1.000000
4274,1.000000
4275,3.000000
4276,8.000000
4277,0.000000
4278,2.000000
4279,1.000000
4280,0.000000
4281,3.000000
4282,7.000000
4283,44.000000
4284,1.000000
4285,0.000000
4286,2.000000
4287,8.000000
4288,2.000000
4289,3.000000
4290,1.000000
4291,3.000000
4292,3.000000
4293,4.000000
4294,2.000000
4295,2.000000
4296,12.000000
4297,2.000000
4298,6.000000
4299,1.000000
4300,4.000000
4301,11.000000
4302,1.000000
4303,8.000000
4304,1.000000
4305,2.000000
4306,1.000000
4307,0.000000
4308,5.000000
4309,2.000000
4310,1.000000
4311,1.000000
4312,1.000000
4313,2.000000
4314,0.000000
4315,2.000000
4316,45.000000
4317,26.000000
4318,3.000000
4319,1.000000
4320,1.000000
4321,2.000000
4322,3.000000
4323,1.000000
4324,0.000000
4325,3.000000
4326,1.000000
4327,1.000000
4328,13.000000
4329,3.000000
4330,4.000000
4331,1.000000
4332,10.000000
4333,1.000000
4334,2.000000
4335,2.000000
4336,1.000000
4337,3.000000
4338,3.000000
4339,5.000000
4340,4.000000
4341,1.000000
4342,20.000000
4343,0.000000
4344,0.000000
4345,0.000000
4346,0.000000
4347,0.000000
4348,0.000000
4349,0.000000
4350,0.000000
4351,0.000000
4352,0.000000
4353,0.000000
4354,0.000000
4355,0.000000
4356,4.000000
4357,1.000000
4358,1.000000
4359,2.000000
4360,8.000000
4361,4.000000
4362,2.000000
4363,1.000000
4364,1.000000
4365,2.000000
4366,6.000000
4367,1.000000
4368,7.000000
4369,11.000000
4370,1.000000
4371,0.000000
4372,4.000000
4373,1.000000
4374,1.000000
4375,3.000000
4376,1.000000
4377,0.000000
4378,39.000000
4379,1.000000
4380,1.000000
4381,1.000000
4382,0.000000
4383,2.000000
4384,0.000000
4385,0.000000
4386,1.000000
4387,40.000000
4388,0.000000
4389,26.000000
4390,1.000000
4391,1.000000
4392,3.000000
4393,49.000000
4394,0.000000
4395,6.000000
4396,1.000000
4397,4.000000
4398,2.000000
4399,8.000000
4400,0.000000
4401,2.000000
4402,2.000000
4403,9.000000
4404,5.000000
4405,22.000000
4406,64.000000
4407,1.000000
4408,13.000000
4409,1.000000
4410,1.000000
4411,2.000000
4412,2.000000
4413,0.000000
4414,0.000000
4415,0.000000
4416,0.000000
4417,8.000000
4418,0.000000
4419,0.000000
4420,7.000000
4421,1.000000
4422,2.000000
4423,2.000000
4424,0.000000
4425,5.000000
4426,1.000000
4427,27.000000
4428,1.000000
4429,0.000000
4430,2.000000
4431,0.000000
4432,2.000000
4433,1.000000
4434,107.000000
4435,5.000000
4436,3.000000
4437,0.000000
4438,3.000000
4439,14.000000
4440,5.000000
4441,18.000000
4442,4.000000
4443,1.000000
4444,37.000000
4445,2.000000
4446,1.000000
4447,1.000000
4448,3.000000
4449,5.000000
4450,0.000000
4451,1.000000
4452,2.000000
4453,3.000000
4454,2.000000
4455,10.000000
4456,1.000000
4457,1.000000
4458,3.000000
4459,1.000000
4460,7.000000
4461,2.000000
4462,18.000000
4463,4.000000
4464,1.000000
4465,7.000000
4466,5.000000
4467,3.000000
4468,3.000000
4469,2.000000
4470,8.000000
4471,2.000000
4472,5.000000
4473,1.000000
4474,2.000000
4475,2.000000
4476,3.000000
4477,1.000000
4478,10.000000
4479,4.000000
4480,11.000000
4481,10.000000
4482,1.000000
4483,1.000000
4484,3.000000
4485,5.000000
4486,1.000000
4487,2.000000
4488,1.000000
4489,1.000000
4490,1.000000
4491,5.000000
4492,5.000000
4493,1.000000
4494,70.000000
4495,2.000000
4496,4.000000
4497,1.000000
4498,1.000000
4499,1.000000
4500,1.000000
4501,3.000000
4502,1.000000
4503,5.000000
4504,0.000000
4505,0.000000
4506,63.000000
4507,0.000000
4508,3.000000
4509,12.000000
4510,1.000000
4511,1.000000
4512,3.000000
4513,5.000000
4514,2.000000
4515,3.000000
4516,2.000000
4517,12.000000
4518,6.000000
4519,1.000000
4520,4.000000
4521,67.000000
4522,7.000000
4523,2.000000
4524,1.000000
4525,0.000000
4526,21.000000
4527,1.000000
4528,1.000000
4529,1.000000
4530,1.000000
4531,9.000000
4532,1.000000
4533,17.000000
4534,3.000000
4535,3.000000
4536,3.000000
4537,2.000000
4538,14.000000
4539,14.000000
4540,17.000000
4541,1.000000
4542,5.000000
4543,0.000000
4544,12.000000
4545,8.000000
4546,3.000000
4547,9.000000
4548,13.000000
4549,0.000000
4550,14.000000
4551,16.000000
4552,16.000000
4553,17.000000
4554,17.000000
4555,11.000000
4556,3.000000
4557,1.000000
4558,13.000000
4559,2.000000
4560,11.000000
4561,1.000000
4562,1.000000
4563,1.000000
4564,8.000000
4565,75.000000
4566,1.000000
4567,1.000000
4568,3.000000
4569,8.000000
4570,3.000000
4571,1.000000
4572,4.000000
4573,0.000000
4574,2.000000
4575,0.000000
4576,0.000000
4577,0.000000
4578,3.000000
4579,1.000000
4580,8.000000
4581,12.000000
4582,2.000000
4583,8.000000
4584,1.000000
4585,3.000000
4586,8.000000
4587,3.000000
4588,1.000000
4589,3.000000
4590,4.000000
4591,1.000000
4592,3.000000
4593,1.000000
4594,0.000000
4595,0.000000
4596,0.000000
4597,1.000000
4598,1.000000
4599,3.000000
4600,2.000000
4601,5.000000
4602,6.000000
4603,3.000000
4604,5.000000
4605,0.000000
4606,1.000000
4607,1.000000
4608,1.000000
4609,4.000000
4610,1.000000
4611,6.000000
4612,1.000000
4613,2.000000
4614,4.000000
4615,1.000000
4616,3.000000
4617,3.000000
4618,2.000000
4619,3.000000
4620,6.000000
4621,0.000000
4622,4.000000
4623,1.000000
4624,0.000000
4625,2.000000
4626,1.000000
4627,0.000000
4628,8.000000
4629,1.000000
4630,2.000000
4631,4.000000
4632,1.000000
4633,1.000000
4634,3.000000
4635,4.000000
4636,1.000000
4637,2.000000
4638,6.000000
4639,2.000000
4640,43.000000
4641,0.000000
4642,0.000000
4643,0.000000
4644,0.000000
4645,6.000000
4646,0.000000
4647,0.000000
4648,0.000000
4649,0.000000
4650,0.000000
4651,0.000000
4652,0.000000
4653,0.000000
4654,0.000000
4655,0.000000
4656,1.000000
4657,0.000000
4658,1.000000
4659,0.000000
4660,0.000000
4661,0.000000
4662,0.000000
4663,0.000000
4664,0.000000
4665,1.000000
4666,0.000000
4667,0.000000
4668,0.000000
4669,0.000000
4670,0.000000
4671,0.000000
4672,0.000000
4673,0.000000
4674,0.000000
4675,0.000000
4676,0.000000
4677,0.000000
4678,0.000000
4679,0.000000
4680,2.000000
4681,0.000000
4682,0.000000
4683,0.000000
4684,0.000000
4685,1.000000
4686,0.000000
4687,0.000000
4688,0.000000
4689,0.000000
4690,0.000000
4691,0.000000
4692,21.000000
4693,13.000000
4694,1.000000
4695,1.000000
4696,8.000000
4697,0.000000
4698,1.000000
4699,1.000000
4700,1.000000
4701,8.000000
4702,1.000000
4703,1.000000
4704,0.000000
4705,1.000000
4706,5.000000
4707,0.000000
4708,1.000000
4709,1.000000
4710,1.000000
4711,1.000000
4712,1.000000
4713,0.000000
4714,0.000000
4715,1.000000
4716,9.000000
4717,1.000000
4718,3.000000
4719,2.000000
4720,1.000000
4721,1.000000
4722,1.000000
4723,0.000000
4724,0.000000
4725,3.000000
4726,2.000000
4727,1.000000
4728,8.000000
4729,2.000000
4730,5.000000
4731,0.000000
4732,3.000000
4733,58.000000
4734,1.000000
4735,1.000000
4736,0.000000
4737,2.000000
4738,8.000000
4739,3.000000
4740,14.000000
4741,1.000000
4742,0.000000
4743,7.000000
4744,1.000000
4745,2.000000
4746,2.000000
4747,1.000000
4748,0.000000
4749,6.000000
4750,6.000000
4751,0.000000
4752,1.000000
4753,0.000000
4754,4.000000
4755,0.000000
4756,6.000000
4757,12.000000
4758,2.000000
4759,3.000000
4760,5.000000
4761,6.000000
4762,0.000000
4763,3.000000
4764,1.000000
4765,0.000000
4766,1.000000
4767,0.000000
4768,2.000000
4769,5.000000
4770,1.000000
4771,1.000000
4772,1.000000
4773,28.000000
4774,27.000000
4775,0.000000
4776,0.000000
4777,1.000000
4778,0.000000
4779,1.000000
4780,3.000000
4781,1.000000
4782,2.000000
4783,3.000000
4784,6.000000
4785,18.000000
4786,1.000000
4787,0.000000
4788,4.000000
4789,3.000000
4790,17.000000
4791,0.000000
4792,2.000000
4793,16.000000
4794,1.000000
4795,1.000000
4796,1.000000
4797,1.000000
4798,9.000000
4799,13.000000
4800,1.000000
4801,1.000000
4802,0.000000
4803,1.000000
4804,1.000000
4805,0.000000
4806,0.000000
4807,2.000000
4808,1.000000
4809,6.000000
4810,1.000000
4811,0.000000
4812,0.000000
4813,0.000000
4814,0.000000
4815,0.000000
4816,0.000000
4817,2.000000
4818,5.000000
4819,1.000000
4820,3.000000
4821,3.000000
4822,1.000000
4823,21.000000
4824,5.000000
4825,1.000000
4826,2.000000
4827,31.000000
4828,1.000000
4829,4.000000
4830,2.000000
4831,0.000000
4832,0.000000
4833,0.000000
4834,0.000000
4835,0.000000
4836,0.000000
4837,0.000000
4838,0.000000
4839,11.000000
4840,1.000000
4841,0.000000
4842,2.000000
4843,0.000000
4844,2.000000
4845,1.000000
4846,5.000000
4847,1.000000
4848,0.000000
4849,0.000000
4850,0.000000
4851,0.000000
4852,0.000000
4853,0.000000
4854,0.000000
4855,0.000000
4856,0.000000
4857,0.000000
4858,6.000000
4859,0.000000
4860,0.000000
4861,1.000000
4862,0.000000
4863,1.000000
4864,1.000000
4865,2.000000
4866,1.000000
4867,7.000000
4868,1.000000
4869,2.000000
4870,1.000000
4871,4.000000
4872,4.000000
4873,0.000000
4874,0.000000
4875,1.000000
4876,1.000000
4877,0.000000
4878,0.000000
4879,1.000000
4880,1.000000
4881,1.000000
4882,3.000000
4883,1.000000
4884,3.000000
4885,2.000000
4886,10.000000
4887,1.000000
4888,1.000000
4889,4.000000
4890,4.000000
4891,3.000000
4892,1.000000
4893,2.000000
4894,7.000000
4895,3.000000
4896,1.000000
4897,13.000000
4898,1.000000
4899,5.000000
4900,3.000000
4901,3.000000
4902,0.000000
4903,2.000000
4904,0.000000
4905,1.000000
4906,0.000000
4907,2.000000
4908,0.000000
4909,0.000000
4910,0.000000
4911,3.000000
4912,1.000000
4913,3.000000
4914,0.000000
4915,0.000000
4916,2.000000
4917,3.000000
4918,25.000000
4919,1.000000
4920,1.000000
4921,1.000000
4922,0.000000
4923,0.000000
4924,4.000000
4925,0.000000
4926,5.000000
4927,1.000000
4928,22.000000
4929,5.000000
4930,0.000000
4931,6.000000
4932,17.000000
4933,5.000000
4934,3.000000
4935,1.000000
4936,1.000000
4937,2.000000
4938,3.000000
4939,1.000000
4940,2.000000
4941,3.000000
4942,0.000000
4943,2.000000
4944,5.000000
4945,1.000000
4946,1.000000
4947,1.000000
4948,2.000000
4949,3.000000
4950,4.000000
4951,1.000000
4952,1.000000
4953,1.000000
4954,1.000000
4955,3.000000
4956,0.000000
4957,2.000000
4958,1.000000
4959,4.000000
4960,0.000000
4961,1.000000
4962,0.000000
4963,2.000000
4964,1.000000
4965,1.000000
4966,0.000000
4967,0.000000
4968,7.000000
4969,8.000000
4970,5.000000
4971,5.000000
4972,5.000000
4973,5.000000
4974,4.000000
4975,5.000000
4976,3.000000
4977,1.000000
4978,6.000000
4979,1.000000
4980,0.000000
4981,1.000000
4982,4.000000
4983,2.000000
4984,0.000000
4985,0.000000
4986,0.000000
4987,1.000000
4988,1.000000
4989,1.000000
4990,1.000000
4991,1.000000
4992,1.000000
4993,0.000000
4994,1.000000
4995,1.000000
4996,2.000000
4997,1.000000
4998,1.000000
4999,2.000000
5000,0.000000
5001,2.000000
5002,0.000000
5003,24.000000
5004,0.000000
5005,4.000000
5006,1.000000
5007,1.000000
5008,0.000000
5009,0.000000
5010,0.000000
5011,0.000000
5012,0.000000
5013,0.000000
5014,0.000000
5015,0.000000
5016,4.000000
5017,0.000000
5018,1.000000
5019,2.000000
5020,2.000000
5021,2.000000
5022,1.000000
5023,1.000000
5024,1.000000
5025,5.000000
5026,0.000000
5027,0.000000
5028,1.000000
5029,1.000000
5030,1.000000
5031,4.000000
5032,2.000000
5033,1.000000
5034,1.000000
5035,1.000000
5036,0.000000
5037,0.000000
5038,0.000000
5039,3.000000
5040,6.000000
5041,0.000000
5042,1.000000
5043,2.000000
5044,2.000000
5045,2.000000
5046,1.000000
5047,7.000000
5048,0.000000
5049,0.000000
5050,0.000000
5051,0.000000
5052,0.000000
5053,0.000000
5054,0.000000
5055,4.000000
5056,2.000000
5057,7.000000
5058,0.000000
5059,0.000000
5060,0.000000
5061,0.000000
5062,0.000000
5063,1.000000
5064,0.000000
5065,1.000000
5066,0.000000
5067,0.000000
5068,0.000000
5069,0.000000
5070,0.000000
5071,0.000000
5072,0.000000
5073,0.000000
5074,0.000000
5075,0.000000
5076,0.000000
5077,0.000000
5078,7.000000
5079,0.000000
5080,0.000000
5081,1.000000
5082,0.000000
5083,4.000000
5084,0.000000
5085,0.000000
5086,0.000000
5087,1.000000
5088,0.000000
5089,5.000000
5090,1.000000
5091,1.000000
5092,0.000000
5093,0.000000
5094,0.000000
5095,1.000000
5096,1.000000
5097,3.000000
5098,0.000000
5099,11.000000
5100,9.000000
5101,8.000000
5102,3.000000
5103,7.000000
5104,6.000000
5105,6.000000
5106,5.000000
5107,0.000000
5108,0.000000
5109,0.000000
5110,0.000000
5111,1.000000
5112,0.000000
5113,0.000000
5114,1.000000
5115,2.000000
5116,3.000000
5117,0.000000
5118,1.000000
5119,1.000000
5120,2.000000
5121,1.000000
5122,2.000000
5123,0.000000
5124,0.000000
5125,0.000000
5126,4.000000
5127,0.000000
5128,1.000000
5129,16.000000
5130,0.000000
5131,5.000000
5132,0.000000
5133,0.000000
5134,3.000000
5135,3.000000
5136,1.000000
5137,1.000000
5138,3.000000
5139,2.000000
5140,0.000000
5141,65.000000
5142,1.000000
5143,4.000000
5144,0.000000
5145,1.000000
5146,2.000000
5147,0.000000
5148,0.000000
5149,1.000000
5150,1.000000
5151,5.000000
5152,2.000000
5153,17.000000
5154,0.000000
5155,0.000000
5156,13.000000
5157,0.000000
5158,2.000000
5159,2.000000
5160,1.000000
5161,1.000000
5162,1.000000
5163,0.000000
5164,1.000000
5165,0.000000
5166,1.000000
5167,1.000000
5168,3.000000
5169,0.000000
5170,6.000000
5171,0.000000
5172,1.000000
5173,0.000000
5174,0.000000
5175,0.000000
5176,2.000000
5177,0.000000
5178,0.000000
5179,1.000000
5180,1.000000
5181,8.000000
5182,0.000000
5183,1.000000
5184,2.000000
5185,1.000000
5186,0.000000
5187,7.000000
5188,0.000000
5189,0.000000
5190,1.000000
5191,0.000000
5192,3.000000
5193,1.000000
5194,1.000000
5195,6.000000
5196,0.000000
5197,7.000000
5198,1.000000
5199,4.000000
5200,0.000000
5201,0.000000
5202,0.000000
5203,1.000000
5204,0.000000
5205,0.000000
5206,0.000000
5207,7.000000
5208,1.000000
5209,1.000000
5210,1.000000
5211,3.000000
5212,7.000000
5213,0.000000
5214,0.000000
5215,2.000000
5216,2.000000
5217,1.000000
5218,0.000000
5219,0.000000
5220,1.000000
5221,1.000000
5222,0.000000
5223,0.000000
5224,0.000000
5225,0.000000
5226,0.000000
5227,0.000000
5228,0.000000
5229,0.000000
5230,0.000000
5231,0.000000
5232,0.000000
5233,0.000000
5234,0.000000
5235,0.000000
5236,0.000000
5237,0.000000
5238,2.000000
5239,0.000000
5240,0.000000
5241,0.000000
5242,0.000000
5243,0.000000
5244,2.000000
5245,3.000000
5246,0.000000
5247,1.000000
5248,0.000000
5249,0.000000
5250,0.000000
5251,2.000000
5252,11.000000
5253,0.000000
5254,1.000000
5255,25.000000
5256,1.000000
5257,0.000000
5258,23.000000
5259,2.000000
5260,2.000000
5261,1.000000
5262,0.000000
5263,45.000000
5264,0.000000
5265,1.000000
5266,3.000000
5267,2.000000
5268,1.000000
5269,0.000000
5270,1.000000
5271,0.000000
5272,0.000000
5273,0.000000
5274,0.000000
5275,0.000000
5276,0.000000
5277,0.000000
5278,0.000000
5279,0.000000
5280,0.000000
5281,0.000000
5282,0.000000
5283,3.000000
5284,5.000000
5285,0.000000
5286,0.000000
5287,0.000000
5288,0.000000
5289,0.000000
5290,1.000000
5291,0.000000
5292,0.000000
5293,1.000000
5294,0.000000
5295,0.000000
5296,1.000000
5297,5.000000
5298,4.000000
5299,0.000000
5300,1.000000
5301,1.000000
5302,0.000000
5303,0.000000
5304,0.000000
5305,2.000000
5306,0.000000
5307,0.000000
5308,0.000000
5309,25.000000
5310,11.000000
5311,0.000000
5312,0.000000
5313,7.000000
5314,0.000000
5315,2.000000
5316,3.000000
5317,1.000000
5318,1.000000
5319,1.000000
5320,2.000000
5321,1.000000
5322,1.000000
5323,1.000000
5324,0.000000
5325,1.000000
5326,2.000000
5327,3.000000
5328,2.000000
5329,0.000000
5330,0.000000
5331,5.000000
5332,1.000000
5333,2.000000
5334,2.000000
5335,1.000000
5336,0.000000
5337,1.000000
5338,1.000000
5339,1.000000
5340,3.000000
5341,10.000000
5342,4.000000
5343,2.000000
5344,5.000000
5345,1.000000
5346,1.000000
5347,1.000000
5348,1.000000
5349,0.000000
5350,1.000000
5351,21.000000
5352,1.000000
5353,0.000000
5354,0.000000
5355,0.000000
5356,0.000000
5357,0.000000
5358,13.000000
5359,5.000000
5360,0.000000
5361,4.000000
5362,0.000000
5363,0.000000
5364,0.000000
5365,19.000000
5366,0.000000
5367,3.000000
5368,5.000000
5369,0.000000
5370,0.000000
5371,2.000000
5372,1.000000
5373,1.000000
5374,31.000000
5375,1.000000
5376,4.000000
5377,0.000000
5378,6.000000
5379,11.000000
5380,0.000000
5381,3.000000
5382,4.000000
5383,4.000000
5384,5.000000
5385,10.000000
5386,23.000000
5387,2.000000
5388,2.000000
5389,0.000000
5390,0.000000
5391,0.000000
5392,0.000000
5393,4.000000
5394,0.000000
5395,1.000000
5396,3.000000
5397,1.000000
5398,0.000000
5399,1.000000
5400,0.000000
5401,1.000000
5402,0.000000
5403,1.000000
5404,0.000000
5405,5.000000
5406,0.000000
5407,0.000000
5408,2.000000
5409,1.000000
5410,30.000000
5411,29.000000
5412,6.000000
5413,1.000000
5414,1.000000
5415,0.000000
5416,9.000000
5417,0.000000
5418,0.000000
5419,1.000000
5420,0.000000
5421,3.000000
5422,2.000000
5423,6.000000
5424,23.000000
5425,3.000000
5426,2.000000
5427,9.000000
5428,0.000000
5429,0.000000
5430,1.000000
5431,0.000000
5432,0.000000
5433,1.000000
5434,3.000000
5435,0.000000
5436,0.000000
5437,5.000000
5438,5.000000
5439,11.000000
5440,0.000000
5441,1.000000
5442,4.000000
5443,0.000000
5444,28.000000
5445,0.000000
5446,0.000000
5447,1.000000
5448,3.000000
5449,1.000000
5450,0.000000
5451,4.000000
5452,2.000000
5453,2.000000
5454,3.000000
5455,0.000000
5456,1.000000
5457,10.000000
5458,1.000000
5459,0.000000
5460,1.000000
5461,1.000000
5462,1.000000
5463,0.000000
5464,1.000000
5465,9.000000
5466,5.000000
5467,1.000000
5468,1.000000
5469,2.000000
5470,0.000000
5471,0.000000
5472,1.000000
5473,1.000000
5474,1.000000
5475,1.000000
5476,2.000000
5477,2.000000
5478,0.000000
5479,0.000000
5480,0.000000
5481,0.000000
5482,0.000000
5483,5.000000
5484,15.000000
5485,0.000000
5486,1.000000
5487,1.000000
5488,10.000000
5489,1.000000
5490,2.000000
5491,0.000000
5492,2.000000
5493,0.000000
5494,0.000000
5495,0.000000
5496,0.000000
5497,3.000000
5498,1.000000
5499,5.000000
5500,4.000000
5501,0.000000
5502,4.000000
5503,4.000000
5504,50.000000
5505,6.000000
5506,1.000000
5507,0.000000
5508,0.000000
5509,2.000000
5510,5.000000
5511,1.000000
5512,12.000000
5513,8.000000
5514,2.000000
5515,1.000000
5516,1.000000
5517,11.000000
5518,9.000000
5519,6.000000
5520,3.000000
5521,0.000000
5522,1.000000
5523,17.000000
5524,3.000000
5525,7.000000
5526,1.000000
5527,0.000000
5528,0.000000
5529,1.000000
5530,0.000000
5531,1.000000
5532,0.000000
5533,0.000000
5534,0.000000
5535,4.000000
5536,9.000000
5537,1.000000
5538,2.000000
5539,0.000000
5540,0.000000
5541,8.000000
5542,13.000000
5543,1.000000
5544,1.000000
5545,2.000000
5546,0.000000
5547,0.000000
5548,8.000000
5549,0.000000
5550,1.000000
5551,1.000000
5552,2.000000
5553,1.000000
5554,9.000000
5555,1.000000
5556,1.000000
5557,1.000000
5558,1.000000
5559,1.000000
5560,2.000000
5561,0.000000
5562,1.000000
5563,6.000000
5564,1.000000
5565,0.000000
5566,2.000000
5567,1.000000
5568,0.000000
5569,1.000000
5570,0.000000
5571,2.000000
5572,1.000000
5573,3.000000
5574,4.000000
5575,6.000000
5576,1.000000
5577,1.000000
5578,1.000000
5579,2.000000
5580,7.000000
5581,0.000000
5582,3.000000
5583,0.000000
5584,2.000000
5585,1.000000
5586,0.000000
5587,0.000000
5588,0.000000
5589,0.000000
5590,4.000000
5591,1.000000
5592,0.000000
5593,1.000000
5594,0.000000
5595,4.000000
5596,0.000000
5597,1.000000
5598,3.000000
5599,1.000000
5600,1.000000
5601,0.000000
5602,3.000000
5603,0.000000
5604,0.000000
5605,1.000000
5606,1.000000
5607,1.000000
5608,1.000000
5609,1.000000
5610,4.000000
5611,1.000000
5612,1.000000
5613,1.000000
5614,3.000000
5615,1.000000
5616,1.000000
5617,0.000000
5618,2.000000
5619,1.000000
5620,1.000000
5621,0.000000
5622,0.000000
5623,1.000000
5624,1.000000
5625,1.000000
5626,0.000000
5627,0.000000
5628,0.000000
5629,0.000000
5630,0.000000
5631,0.000000
5632,0.000000
5633,2.000000
5634,0.000000
5635,0.000000
5636,0.000000
5637,0.000000
5638,5.000000
5639,5.000000
5640,1.000000
5641,6.000000
5642,5.000000
5643,0.000000
5644,6.000000
5645,1.000000
5646,0.000000
5647,0.000000
5648,0.000000
5649,0.000000
5650,0.000000
5651,0.000000
5652,0.000000
5653,0.000000
5654,0.000000
5655,4.000000
5656,0.000000
5657,1.000000
5658,0.000000
5659,0.000000
5660,2.000000
5661,0.000000
5662,3.000000
5663,4.000000
5664,0.000000
5665,0.000000
5666,1.000000
5667,0.000000
5668,0.000000
5669,1.000000
5670,0.000000
5671,1.000000
5672,1.000000
5673,0.000000
5674,1.000000
5675,0.000000
5676,2.000000
5677,7.000000
5678,1.000000
5679,1.000000
5680,1.000000
5681,0.000000
5682,1.000000
5683,4.000000
5684,0.000000
5685,0.000000
5686,0.000000
5687,0.000000
5688,0.000000
5689,1.000000
5690,0.000000
5691,0.000000
5692,1.000000
5693,1.000000
5694,0.000000
5695,4.000000
5696,1.000000
5697,7.000000
5698,5.000000
5699,0.000000
5700,0.000000
5701,0.000000
5702,7.000000
5703,0.000000
5704,11.000000
5705,2.000000
5706,2.000000
5707,5.000000
5708,0.000000
5709,2.000000
5710,1.000000
5711,0.000000
5712,1.000000
5713,1.000000
5714,1.000000
5715,2.000000
5716,3.000000
5717,0.000000
5718,1.000000
5719,0.000000
5720,1.000000
5721,1.000000
5722,1.000000
5723,1.000000
5724,3.000000
5725,1.000000
5726,3.000000
5727,11.000000
5728,1.000000
5729,2.000000
5730,0.000000
5731,0.000000
5732,1.000000
5733,1.000000
5734,1.000000
5735,3.000000
5736,0.000000
5737,1.000000
5738,1.000000
5739,0.000000
5740,1.000000
5741,1.000000
5742,0.000000
5743,0.000000
5744,1.000000
5745,1.000000
5746,0.000000
5747,0.000000
5748,0.000000
5749,0.000000
5750,0.000000
5751,0.000000
5752,0.000000
5753,0.000000
5754,0.000000
5755,1.000000
5756,4.000000
5757,2.000000
5758,3.000000
5759,0.000000
5760,0.000000
5761,2.000000
5762,0.000000
5763,1.000000
5764,1.000000
5765,1.000000
5766,0.000000
5767,0.000000
5768,1.000000
5769,1.000000
5770,3.000000
5771,0.000000
5772,0.000000
5773,2.000000
5774,1.000000
5775,0.000000
5776,1.000000
5777,2.000000
5778,1.000000
5779,1.000000
5780,0.000000
5781,0.000000
5782,0.000000
5783,0.000000
5784,0.000000
5785,1.000000
5786,0.000000
5787,1.000000
5788,0.000000
5789,0.000000
5790,0.000000
5791,7.000000
5792,0.000000
5793,0.000000
5794,2.000000
5795,0.000000
5796,13.000000
5797,1.000000
5798,0.000000
5799,2.000000
5800,0.000000
5801,0.000000
5802,6.000000
5803,1.000000
5804,0.000000
5805,1.000000
5806,0.000000
5807,0.000000
5808,0.000000
5809,0.000000
5810,1.000000
5811,1.000000
5812,1.000000
5813,2.000000
5814,1.000000
5815,1.000000
5816,6.000000
5817,6.000000
5818,0.000000
5819,2.000000
5820,0.000000
5821,3.000000
5822,2.000000
5823,3.000000
5824,3.000000
5825,5.000000
5826,1.000000
5827,8.000000
5828,1.000000
5829,0.000000
5830,3.000000
5831,1.000000
5832,1.000000
5833,1.000000
5834,1.000000
5835,0.000000
5836,0.000000
5837,1.000000
5838,1.000000
5839,1.000000
5840,1.000000
5841,2.000000
5842,6.000000
5843,3.000000
5844,1.000000
5845,3.000000
5846,0.000000
5847,1.000000
5848,0.000000
5849,1.000000
5850,0.000000
5851,0.000000
5852,0.000000
5853,0.000000
5854,0.000000
5855,0.000000
5856,0.000000
5857,4.000000
5858,10.000000
5859,1.000000
5860,2.000000
5861,0.000000
5862,0.000000
5863,1.000000
5864,1.000000
5865,3.000000
5866,0.000000
5867,1.000000
5868,1.000000
5869,2.000000
5870,1.000000
5871,1.000000
5872,0.000000
5873,0.000000
5874,0.000000
5875,1.000000
5876,1.000000
5877,0.000000
5878,0.000000
5879,0.000000
5880,0.000000
